id,animal,object,prompt
000001.png,shark,sneaker,a shark and a sneaker
000002.png,shark,sneaker,a shark and a sneaker
000003.png,shark,sneaker,a shark and a sneaker
000004.png,shark,sneaker,a shark and a sneaker
000005.png,shark,sneaker,a shark and a sneaker
000006.png,shark,sneaker,a shark and a sneaker
000007.png,shark,sneaker,a shark and a sneaker
000008.png,shark,sneaker,a shark and a sneaker
000009.png,shark,sneaker,a shark and a sneaker
000010.png,shark,sneaker,a shark and a sneaker
000011.png,shark,sneaker,a shark and a sneaker
000012.png,shark,sneaker,a shark and a sneaker
000013.png,shark,sneaker,a shark and a sneaker
000014.png,shark,sneaker,a shark and a sneaker
000015.png,shark,sneaker,a shark and a sneaker
000016.png,shark,sneaker,a shark and a sneaker
000017.png,shark,sneaker,a shark and a sneaker
000018.png,shark,sneaker,a shark and a sneaker
000019.png,shark,sneaker,a shark and a sneaker
000020.png,shark,sneaker,a shark and a sneaker
000021.png,shark,airplane,a shark and a airplane
000022.png,shark,airplane,a shark and a airplane
000023.png,shark,airplane,a shark and a airplane
000024.png,shark,airplane,a shark and a airplane
000025.png,shark,airplane,a shark and a airplane
000026.png,shark,airplane,a shark and a airplane
000027.png,shark,airplane,a shark and a airplane
000028.png,shark,airplane,a shark and a airplane
000029.png,shark,airplane,a shark and a airplane
000030.png,shark,airplane,a shark and a airplane
000031.png,shark,airplane,a shark and a airplane
000032.png,shark,airplane,a shark and a airplane
000033.png,shark,airplane,a shark and a airplane
000034.png,shark,airplane,a shark and a airplane
000035.png,shark,airplane,a shark and a airplane
000036.png,shark,airplane,a shark and a airplane
000037.png,shark,airplane,a shark and a airplane
000038.png,shark,airplane,a shark and a airplane
000039.png,shark,airplane,a shark and a airplane
000040.png,shark,airplane,a shark and a airplane
000041.png,shark,coffee cup,a shark and a coffee cup
000042.png,shark,coffee cup,a shark and a coffee cup
000043.png,shark,coffee cup,a shark and a coffee cup
000044.png,shark,coffee cup,a shark and a coffee cup
000045.png,shark,coffee cup,a shark and a coffee cup
000046.png,shark,coffee cup,a shark and a coffee cup
000047.png,shark,coffee cup,a shark and a coffee cup
000048.png,shark,coffee cup,a shark and a coffee cup
000049.png,shark,coffee cup,a shark and a coffee cup
000050.png,shark,coffee cup,a shark and a coffee cup
000051.png,shark,coffee cup,a shark and a coffee cup
000052.png,shark,coffee cup,a shark and a coffee cup
000053.png,shark,coffee cup,a shark and a coffee cup
000054.png,shark,coffee cup,a shark and a coffee cup
000055.png,shark,coffee cup,a shark and a coffee cup
000056.png,shark,coffee cup,a shark and a coffee cup
000057.png,shark,coffee cup,a shark and a coffee cup
000058.png,shark,coffee cup,a shark and a coffee cup
000059.png,shark,coffee cup,a shark and a coffee cup
000060.png,shark,coffee cup,a shark and a coffee cup
000061.png,shark,banana,a shark and a banana
000062.png,shark,banana,a shark and a banana
000063.png,shark,banana,a shark and a banana
000064.png,shark,banana,a shark and a banana
000065.png,shark,banana,a shark and a banana
000066.png,shark,banana,a shark and a banana
000067.png,shark,banana,a shark and a banana
000068.png,shark,banana,a shark and a banana
000069.png,shark,banana,a shark and a banana
000070.png,shark,banana,a shark and a banana
000071.png,shark,banana,a shark and a banana
000072.png,shark,banana,a shark and a banana
000073.png,shark,banana,a shark and a banana
000074.png,shark,banana,a shark and a banana
000075.png,shark,banana,a shark and a banana
000076.png,shark,banana,a shark and a banana
000077.png,shark,banana,a shark and a banana
000078.png,shark,banana,a shark and a banana
000079.png,shark,banana,a shark and a banana
000080.png,shark,banana,a shark and a banana
000081.png,shark,cactus,a shark and a cactus
000082.png,shark,cactus,a shark and a cactus
000083.png,shark,cactus,a shark and a cactus
000084.png,shark,cactus,a shark and a cactus
000085.png,shark,cactus,a shark and a cactus
000086.png,shark,cactus,a shark and a cactus
000087.png,shark,cactus,a shark and a cactus
000088.png,shark,cactus,a shark and a cactus
000089.png,shark,cactus,a shark and a cactus
000090.png,shark,cactus,a shark and a cactus
000091.png,shark,cactus,a shark and a cactus
000092.png,shark,cactus,a shark and a cactus
000093.png,shark,cactus,a shark and a cactus
000094.png,shark,cactus,a shark and a cactus
000095.png,shark,cactus,a shark and a cactus
000096.png,shark,cactus,a shark and a cactus
000097.png,shark,cactus,a shark and a cactus
000098.png,shark,cactus,a shark and a cactus
000099.png,shark,cactus,a shark and a cactus
000100.png,shark,cactus,a shark and a cactus
000101.png,shark,toilet,a shark and a toilet
000102.png,shark,toilet,a shark and a toilet
000103.png,shark,toilet,a shark and a toilet
000104.png,shark,toilet,a shark and a toilet
000105.png,shark,toilet,a shark and a toilet
000106.png,shark,toilet,a shark and a toilet
000107.png,shark,toilet,a shark and a toilet
000108.png,shark,toilet,a shark and a toilet
000109.png,shark,toilet,a shark and a toilet
000110.png,shark,toilet,a shark and a toilet
000111.png,shark,toilet,a shark and a toilet
000112.png,shark,toilet,a shark and a toilet
000113.png,shark,toilet,a shark and a toilet
000114.png,shark,toilet,a shark and a toilet
000115.png,shark,toilet,a shark and a toilet
000116.png,shark,toilet,a shark and a toilet
000117.png,shark,toilet,a shark and a toilet
000118.png,shark,toilet,a shark and a toilet
000119.png,shark,toilet,a shark and a toilet
000120.png,shark,toilet,a shark and a toilet
000121.png,shark,pizza,a shark and a pizza
000122.png,shark,pizza,a shark and a pizza
000123.png,shark,pizza,a shark and a pizza
000124.png,shark,pizza,a shark and a pizza
000125.png,shark,pizza,a shark and a pizza
000126.png,shark,pizza,a shark and a pizza
000127.png,shark,pizza,a shark and a pizza
000128.png,shark,pizza,a shark and a pizza
000129.png,shark,pizza,a shark and a pizza
000130.png,shark,pizza,a shark and a pizza
000131.png,shark,pizza,a shark and a pizza
000132.png,shark,pizza,a shark and a pizza
000133.png,shark,pizza,a shark and a pizza
000134.png,shark,pizza,a shark and a pizza
000135.png,shark,pizza,a shark and a pizza
000136.png,shark,pizza,a shark and a pizza
000137.png,shark,pizza,a shark and a pizza
000138.png,shark,pizza,a shark and a pizza
000139.png,shark,pizza,a shark and a pizza
000140.png,shark,pizza,a shark and a pizza
000141.png,shark,drum,a shark and a drum
000142.png,shark,drum,a shark and a drum
000143.png,shark,drum,a shark and a drum
000144.png,shark,drum,a shark and a drum
000145.png,shark,drum,a shark and a drum
000146.png,shark,drum,a shark and a drum
000147.png,shark,drum,a shark and a drum
000148.png,shark,drum,a shark and a drum
000149.png,shark,drum,a shark and a drum
000150.png,shark,drum,a shark and a drum
000151.png,shark,drum,a shark and a drum
000152.png,shark,drum,a shark and a drum
000153.png,shark,drum,a shark and a drum
000154.png,shark,drum,a shark and a drum
000155.png,shark,drum,a shark and a drum
000156.png,shark,drum,a shark and a drum
000157.png,shark,drum,a shark and a drum
000158.png,shark,drum,a shark and a drum
000159.png,shark,drum,a shark and a drum
000160.png,shark,drum,a shark and a drum
000161.png,shark,car,a shark and a car
000162.png,shark,car,a shark and a car
000163.png,shark,car,a shark and a car
000164.png,shark,car,a shark and a car
000165.png,shark,car,a shark and a car
000166.png,shark,car,a shark and a car
000167.png,shark,car,a shark and a car
000168.png,shark,car,a shark and a car
000169.png,shark,car,a shark and a car
000170.png,shark,car,a shark and a car
000171.png,shark,car,a shark and a car
000172.png,shark,car,a shark and a car
000173.png,shark,car,a shark and a car
000174.png,shark,car,a shark and a car
000175.png,shark,car,a shark and a car
000176.png,shark,car,a shark and a car
000177.png,shark,car,a shark and a car
000178.png,shark,car,a shark and a car
000179.png,shark,car,a shark and a car
000180.png,shark,car,a shark and a car
000181.png,shark,chair,a shark and a chair
000182.png,shark,chair,a shark and a chair
000183.png,shark,chair,a shark and a chair
000184.png,shark,chair,a shark and a chair
000185.png,shark,chair,a shark and a chair
000186.png,shark,chair,a shark and a chair
000187.png,shark,chair,a shark and a chair
000188.png,shark,chair,a shark and a chair
000189.png,shark,chair,a shark and a chair
000190.png,shark,chair,a shark and a chair
000191.png,shark,chair,a shark and a chair
000192.png,shark,chair,a shark and a chair
000193.png,shark,chair,a shark and a chair
000194.png,shark,chair,a shark and a chair
000195.png,shark,chair,a shark and a chair
000196.png,shark,chair,a shark and a chair
000197.png,shark,chair,a shark and a chair
000198.png,shark,chair,a shark and a chair
000199.png,shark,chair,a shark and a chair
000200.png,shark,chair,a shark and a chair
000201.png,crocodile,sneaker,a crocodile and a sneaker
000202.png,crocodile,sneaker,a crocodile and a sneaker
000203.png,crocodile,sneaker,a crocodile and a sneaker
000204.png,crocodile,sneaker,a crocodile and a sneaker
000205.png,crocodile,sneaker,a crocodile and a sneaker
000206.png,crocodile,sneaker,a crocodile and a sneaker
000207.png,crocodile,sneaker,a crocodile and a sneaker
000208.png,crocodile,sneaker,a crocodile and a sneaker
000209.png,crocodile,sneaker,a crocodile and a sneaker
000210.png,crocodile,sneaker,a crocodile and a sneaker
000211.png,crocodile,sneaker,a crocodile and a sneaker
000212.png,crocodile,sneaker,a crocodile and a sneaker
000213.png,crocodile,sneaker,a crocodile and a sneaker
000214.png,crocodile,sneaker,a crocodile and a sneaker
000215.png,crocodile,sneaker,a crocodile and a sneaker
000216.png,crocodile,sneaker,a crocodile and a sneaker
000217.png,crocodile,sneaker,a crocodile and a sneaker
000218.png,crocodile,sneaker,a crocodile and a sneaker
000219.png,crocodile,sneaker,a crocodile and a sneaker
000220.png,crocodile,sneaker,a crocodile and a sneaker
000221.png,crocodile,airplane,a crocodile and a airplane
000222.png,crocodile,airplane,a crocodile and a airplane
000223.png,crocodile,airplane,a crocodile and a airplane
000224.png,crocodile,airplane,a crocodile and a airplane
000225.png,crocodile,airplane,a crocodile and a airplane
000226.png,crocodile,airplane,a crocodile and a airplane
000227.png,crocodile,airplane,a crocodile and a airplane
000228.png,crocodile,airplane,a crocodile and a airplane
000229.png,crocodile,airplane,a crocodile and a airplane
000230.png,crocodile,airplane,a crocodile and a airplane
000231.png,crocodile,airplane,a crocodile and a airplane
000232.png,crocodile,airplane,a crocodile and a airplane
000233.png,crocodile,airplane,a crocodile and a airplane
000234.png,crocodile,airplane,a crocodile and a airplane
000235.png,crocodile,airplane,a crocodile and a airplane
000236.png,crocodile,airplane,a crocodile and a airplane
000237.png,crocodile,airplane,a crocodile and a airplane
000238.png,crocodile,airplane,a crocodile and a airplane
000239.png,crocodile,airplane,a crocodile and a airplane
000240.png,crocodile,airplane,a crocodile and a airplane
000241.png,crocodile,coffee cup,a crocodile and a coffee cup
000242.png,crocodile,coffee cup,a crocodile and a coffee cup
000243.png,crocodile,coffee cup,a crocodile and a coffee cup
000244.png,crocodile,coffee cup,a crocodile and a coffee cup
000245.png,crocodile,coffee cup,a crocodile and a coffee cup
000246.png,crocodile,coffee cup,a crocodile and a coffee cup
000247.png,crocodile,coffee cup,a crocodile and a coffee cup
000248.png,crocodile,coffee cup,a crocodile and a coffee cup
000249.png,crocodile,coffee cup,a crocodile and a coffee cup
000250.png,crocodile,coffee cup,a crocodile and a coffee cup
000251.png,crocodile,coffee cup,a crocodile and a coffee cup
000252.png,crocodile,coffee cup,a crocodile and a coffee cup
000253.png,crocodile,coffee cup,a crocodile and a coffee cup
000254.png,crocodile,coffee cup,a crocodile and a coffee cup
000255.png,crocodile,coffee cup,a crocodile and a coffee cup
000256.png,crocodile,coffee cup,a crocodile and a coffee cup
000257.png,crocodile,coffee cup,a crocodile and a coffee cup
000258.png,crocodile,coffee cup,a crocodile and a coffee cup
000259.png,crocodile,coffee cup,a crocodile and a coffee cup
000260.png,crocodile,coffee cup,a crocodile and a coffee cup
000261.png,crocodile,banana,a crocodile and a banana
000262.png,crocodile,banana,a crocodile and a banana
000263.png,crocodile,banana,a crocodile and a banana
000264.png,crocodile,banana,a crocodile and a banana
000265.png,crocodile,banana,a crocodile and a banana
000266.png,crocodile,banana,a crocodile and a banana
000267.png,crocodile,banana,a crocodile and a banana
000268.png,crocodile,banana,a crocodile and a banana
000269.png,crocodile,banana,a crocodile and a banana
000270.png,crocodile,banana,a crocodile and a banana
000271.png,crocodile,banana,a crocodile and a banana
000272.png,crocodile,banana,a crocodile and a banana
000273.png,crocodile,banana,a crocodile and a banana
000274.png,crocodile,banana,a crocodile and a banana
000275.png,crocodile,banana,a crocodile and a banana
000276.png,crocodile,banana,a crocodile and a banana
000277.png,crocodile,banana,a crocodile and a banana
000278.png,crocodile,banana,a crocodile and a banana
000279.png,crocodile,banana,a crocodile and a banana
000280.png,crocodile,banana,a crocodile and a banana
000281.png,crocodile,cactus,a crocodile and a cactus
000282.png,crocodile,cactus,a crocodile and a cactus
000283.png,crocodile,cactus,a crocodile and a cactus
000284.png,crocodile,cactus,a crocodile and a cactus
000285.png,crocodile,cactus,a crocodile and a cactus
000286.png,crocodile,cactus,a crocodile and a cactus
000287.png,crocodile,cactus,a crocodile and a cactus
000288.png,crocodile,cactus,a crocodile and a cactus
000289.png,crocodile,cactus,a crocodile and a cactus
000290.png,crocodile,cactus,a crocodile and a cactus
000291.png,crocodile,cactus,a crocodile and a cactus
000292.png,crocodile,cactus,a crocodile and a cactus
000293.png,crocodile,cactus,a crocodile and a cactus
000294.png,crocodile,cactus,a crocodile and a cactus
000295.png,crocodile,cactus,a crocodile and a cactus
000296.png,crocodile,cactus,a crocodile and a cactus
000297.png,crocodile,cactus,a crocodile and a cactus
000298.png,crocodile,cactus,a crocodile and a cactus
000299.png,crocodile,cactus,a crocodile and a cactus
000300.png,crocodile,cactus,a crocodile and a cactus
000301.png,crocodile,toilet,a crocodile and a toilet
000302.png,crocodile,toilet,a crocodile and a toilet
000303.png,crocodile,toilet,a crocodile and a toilet
000304.png,crocodile,toilet,a crocodile and a toilet
000305.png,crocodile,toilet,a crocodile and a toilet
000306.png,crocodile,toilet,a crocodile and a toilet
000307.png,crocodile,toilet,a crocodile and a toilet
000308.png,crocodile,toilet,a crocodile and a toilet
000309.png,crocodile,toilet,a crocodile and a toilet
000310.png,crocodile,toilet,a crocodile and a toilet
000311.png,crocodile,toilet,a crocodile and a toilet
000312.png,crocodile,toilet,a crocodile and a toilet
000313.png,crocodile,toilet,a crocodile and a toilet
000314.png,crocodile,toilet,a crocodile and a toilet
000315.png,crocodile,toilet,a crocodile and a toilet
000316.png,crocodile,toilet,a crocodile and a toilet
000317.png,crocodile,toilet,a crocodile and a toilet
000318.png,crocodile,toilet,a crocodile and a toilet
000319.png,crocodile,toilet,a crocodile and a toilet
000320.png,crocodile,toilet,a crocodile and a toilet
000321.png,crocodile,pizza,a crocodile and a pizza
000322.png,crocodile,pizza,a crocodile and a pizza
000323.png,crocodile,pizza,a crocodile and a pizza
000324.png,crocodile,pizza,a crocodile and a pizza
000325.png,crocodile,pizza,a crocodile and a pizza
000326.png,crocodile,pizza,a crocodile and a pizza
000327.png,crocodile,pizza,a crocodile and a pizza
000328.png,crocodile,pizza,a crocodile and a pizza
000329.png,crocodile,pizza,a crocodile and a pizza
000330.png,crocodile,pizza,a crocodile and a pizza
000331.png,crocodile,pizza,a crocodile and a pizza
000332.png,crocodile,pizza,a crocodile and a pizza
000333.png,crocodile,pizza,a crocodile and a pizza
000334.png,crocodile,pizza,a crocodile and a pizza
000335.png,crocodile,pizza,a crocodile and a pizza
000336.png,crocodile,pizza,a crocodile and a pizza
000337.png,crocodile,pizza,a crocodile and a pizza
000338.png,crocodile,pizza,a crocodile and a pizza
000339.png,crocodile,pizza,a crocodile and a pizza
000340.png,crocodile,pizza,a crocodile and a pizza
000341.png,crocodile,drum,a crocodile and a drum
000342.png,crocodile,drum,a crocodile and a drum
000343.png,crocodile,drum,a crocodile and a drum
000344.png,crocodile,drum,a crocodile and a drum
000345.png,crocodile,drum,a crocodile and a drum
000346.png,crocodile,drum,a crocodile and a drum
000347.png,crocodile,drum,a crocodile and a drum
000348.png,crocodile,drum,a crocodile and a drum
000349.png,crocodile,drum,a crocodile and a drum
000350.png,crocodile,drum,a crocodile and a drum
000351.png,crocodile,drum,a crocodile and a drum
000352.png,crocodile,drum,a crocodile and a drum
000353.png,crocodile,drum,a crocodile and a drum
000354.png,crocodile,drum,a crocodile and a drum
000355.png,crocodile,drum,a crocodile and a drum
000356.png,crocodile,drum,a crocodile and a drum
000357.png,crocodile,drum,a crocodile and a drum
000358.png,crocodile,drum,a crocodile and a drum
000359.png,crocodile,drum,a crocodile and a drum
000360.png,crocodile,drum,a crocodile and a drum
000361.png,crocodile,car,a crocodile and a car
000362.png,crocodile,car,a crocodile and a car
000363.png,crocodile,car,a crocodile and a car
000364.png,crocodile,car,a crocodile and a car
000365.png,crocodile,car,a crocodile and a car
000366.png,crocodile,car,a crocodile and a car
000367.png,crocodile,car,a crocodile and a car
000368.png,crocodile,car,a crocodile and a car
000369.png,crocodile,car,a crocodile and a car
000370.png,crocodile,car,a crocodile and a car
000371.png,crocodile,car,a crocodile and a car
000372.png,crocodile,car,a crocodile and a car
000373.png,crocodile,car,a crocodile and a car
000374.png,crocodile,car,a crocodile and a car
000375.png,crocodile,car,a crocodile and a car
000376.png,crocodile,car,a crocodile and a car
000377.png,crocodile,car,a crocodile and a car
000378.png,crocodile,car,a crocodile and a car
000379.png,crocodile,car,a crocodile and a car
000380.png,crocodile,car,a crocodile and a car
000381.png,crocodile,chair,a crocodile and a chair
000382.png,crocodile,chair,a crocodile and a chair
000383.png,crocodile,chair,a crocodile and a chair
000384.png,crocodile,chair,a crocodile and a chair
000385.png,crocodile,chair,a crocodile and a chair
000386.png,crocodile,chair,a crocodile and a chair
000387.png,crocodile,chair,a crocodile and a chair
000388.png,crocodile,chair,a crocodile and a chair
000389.png,crocodile,chair,a crocodile and a chair
000390.png,crocodile,chair,a crocodile and a chair
000391.png,crocodile,chair,a crocodile and a chair
000392.png,crocodile,chair,a crocodile and a chair
000393.png,crocodile,chair,a crocodile and a chair
000394.png,crocodile,chair,a crocodile and a chair
000395.png,crocodile,chair,a crocodile and a chair
000396.png,crocodile,chair,a crocodile and a chair
000397.png,crocodile,chair,a crocodile and a chair
000398.png,crocodile,chair,a crocodile and a chair
000399.png,crocodile,chair,a crocodile and a chair
000400.png,crocodile,chair,a crocodile and a chair
000401.png,frog,sneaker,a frog and a sneaker
000402.png,frog,sneaker,a frog and a sneaker
000403.png,frog,sneaker,a frog and a sneaker
000404.png,frog,sneaker,a frog and a sneaker
000405.png,frog,sneaker,a frog and a sneaker
000406.png,frog,sneaker,a frog and a sneaker
000407.png,frog,sneaker,a frog and a sneaker
000408.png,frog,sneaker,a frog and a sneaker
000409.png,frog,sneaker,a frog and a sneaker
000410.png,frog,sneaker,a frog and a sneaker
000411.png,frog,sneaker,a frog and a sneaker
000412.png,frog,sneaker,a frog and a sneaker
000413.png,frog,sneaker,a frog and a sneaker
000414.png,frog,sneaker,a frog and a sneaker
000415.png,frog,sneaker,a frog and a sneaker
000416.png,frog,sneaker,a frog and a sneaker
000417.png,frog,sneaker,a frog and a sneaker
000418.png,frog,sneaker,a frog and a sneaker
000419.png,frog,sneaker,a frog and a sneaker
000420.png,frog,sneaker,a frog and a sneaker
000421.png,frog,airplane,a frog and a airplane
000422.png,frog,airplane,a frog and a airplane
000423.png,frog,airplane,a frog and a airplane
000424.png,frog,airplane,a frog and a airplane
000425.png,frog,airplane,a frog and a airplane
000426.png,frog,airplane,a frog and a airplane
000427.png,frog,airplane,a frog and a airplane
000428.png,frog,airplane,a frog and a airplane
000429.png,frog,airplane,a frog and a airplane
000430.png,frog,airplane,a frog and a airplane
000431.png,frog,airplane,a frog and a airplane
000432.png,frog,airplane,a frog and a airplane
000433.png,frog,airplane,a frog and a airplane
000434.png,frog,airplane,a frog and a airplane
000435.png,frog,airplane,a frog and a airplane
000436.png,frog,airplane,a frog and a airplane
000437.png,frog,airplane,a frog and a airplane
000438.png,frog,airplane,a frog and a airplane
000439.png,frog,airplane,a frog and a airplane
000440.png,frog,airplane,a frog and a airplane
000441.png,frog,coffee cup,a frog and a coffee cup
000442.png,frog,coffee cup,a frog and a coffee cup
000443.png,frog,coffee cup,a frog and a coffee cup
000444.png,frog,coffee cup,a frog and a coffee cup
000445.png,frog,coffee cup,a frog and a coffee cup
000446.png,frog,coffee cup,a frog and a coffee cup
000447.png,frog,coffee cup,a frog and a coffee cup
000448.png,frog,coffee cup,a frog and a coffee cup
000449.png,frog,coffee cup,a frog and a coffee cup
000450.png,frog,coffee cup,a frog and a coffee cup
000451.png,frog,coffee cup,a frog and a coffee cup
000452.png,frog,coffee cup,a frog and a coffee cup
000453.png,frog,coffee cup,a frog and a coffee cup
000454.png,frog,coffee cup,a frog and a coffee cup
000455.png,frog,coffee cup,a frog and a coffee cup
000456.png,frog,coffee cup,a frog and a coffee cup
000457.png,frog,coffee cup,a frog and a coffee cup
000458.png,frog,coffee cup,a frog and a coffee cup
000459.png,frog,coffee cup,a frog and a coffee cup
000460.png,frog,coffee cup,a frog and a coffee cup
000461.png,frog,banana,a frog and a banana
000462.png,frog,banana,a frog and a banana
000463.png,frog,banana,a frog and a banana
000464.png,frog,banana,a frog and a banana
000465.png,frog,banana,a frog and a banana
000466.png,frog,banana,a frog and a banana
000467.png,frog,banana,a frog and a banana
000468.png,frog,banana,a frog and a banana
000469.png,frog,banana,a frog and a banana
000470.png,frog,banana,a frog and a banana
000471.png,frog,banana,a frog and a banana
000472.png,frog,banana,a frog and a banana
000473.png,frog,banana,a frog and a banana
000474.png,frog,banana,a frog and a banana
000475.png,frog,banana,a frog and a banana
000476.png,frog,banana,a frog and a banana
000477.png,frog,banana,a frog and a banana
000478.png,frog,banana,a frog and a banana
000479.png,frog,banana,a frog and a banana
000480.png,frog,banana,a frog and a banana
000481.png,frog,cactus,a frog and a cactus
000482.png,frog,cactus,a frog and a cactus
000483.png,frog,cactus,a frog and a cactus
000484.png,frog,cactus,a frog and a cactus
000485.png,frog,cactus,a frog and a cactus
000486.png,frog,cactus,a frog and a cactus
000487.png,frog,cactus,a frog and a cactus
000488.png,frog,cactus,a frog and a cactus
000489.png,frog,cactus,a frog and a cactus
000490.png,frog,cactus,a frog and a cactus
000491.png,frog,cactus,a frog and a cactus
000492.png,frog,cactus,a frog and a cactus
000493.png,frog,cactus,a frog and a cactus
000494.png,frog,cactus,a frog and a cactus
000495.png,frog,cactus,a frog and a cactus
000496.png,frog,cactus,a frog and a cactus
000497.png,frog,cactus,a frog and a cactus
000498.png,frog,cactus,a frog and a cactus
000499.png,frog,cactus,a frog and a cactus
000500.png,frog,cactus,a frog and a cactus
000501.png,frog,toilet,a frog and a toilet
000502.png,frog,toilet,a frog and a toilet
000503.png,frog,toilet,a frog and a toilet
000504.png,frog,toilet,a frog and a toilet
000505.png,frog,toilet,a frog and a toilet
000506.png,frog,toilet,a frog and a toilet
000507.png,frog,toilet,a frog and a toilet
000508.png,frog,toilet,a frog and a toilet
000509.png,frog,toilet,a frog and a toilet
000510.png,frog,toilet,a frog and a toilet
000511.png,frog,toilet,a frog and a toilet
000512.png,frog,toilet,a frog and a toilet
000513.png,frog,toilet,a frog and a toilet
000514.png,frog,toilet,a frog and a toilet
000515.png,frog,toilet,a frog and a toilet
000516.png,frog,toilet,a frog and a toilet
000517.png,frog,toilet,a frog and a toilet
000518.png,frog,toilet,a frog and a toilet
000519.png,frog,toilet,a frog and a toilet
000520.png,frog,toilet,a frog and a toilet
000521.png,frog,pizza,a frog and a pizza
000522.png,frog,pizza,a frog and a pizza
000523.png,frog,pizza,a frog and a pizza
000524.png,frog,pizza,a frog and a pizza
000525.png,frog,pizza,a frog and a pizza
000526.png,frog,pizza,a frog and a pizza
000527.png,frog,pizza,a frog and a pizza
000528.png,frog,pizza,a frog and a pizza
000529.png,frog,pizza,a frog and a pizza
000530.png,frog,pizza,a frog and a pizza
000531.png,frog,pizza,a frog and a pizza
000532.png,frog,pizza,a frog and a pizza
000533.png,frog,pizza,a frog and a pizza
000534.png,frog,pizza,a frog and a pizza
000535.png,frog,pizza,a frog and a pizza
000536.png,frog,pizza,a frog and a pizza
000537.png,frog,pizza,a frog and a pizza
000538.png,frog,pizza,a frog and a pizza
000539.png,frog,pizza,a frog and a pizza
000540.png,frog,pizza,a frog and a pizza
000541.png,frog,drum,a frog and a drum
000542.png,frog,drum,a frog and a drum
000543.png,frog,drum,a frog and a drum
000544.png,frog,drum,a frog and a drum
000545.png,frog,drum,a frog and a drum
000546.png,frog,drum,a frog and a drum
000547.png,frog,drum,a frog and a drum
000548.png,frog,drum,a frog and a drum
000549.png,frog,drum,a frog and a drum
000550.png,frog,drum,a frog and a drum
000551.png,frog,drum,a frog and a drum
000552.png,frog,drum,a frog and a drum
000553.png,frog,drum,a frog and a drum
000554.png,frog,drum,a frog and a drum
000555.png,frog,drum,a frog and a drum
000556.png,frog,drum,a frog and a drum
000557.png,frog,drum,a frog and a drum
000558.png,frog,drum,a frog and a drum
000559.png,frog,drum,a frog and a drum
000560.png,frog,drum,a frog and a drum
000561.png,frog,car,a frog and a car
000562.png,frog,car,a frog and a car
000563.png,frog,car,a frog and a car
000564.png,frog,car,a frog and a car
000565.png,frog,car,a frog and a car
000566.png,frog,car,a frog and a car
000567.png,frog,car,a frog and a car
000568.png,frog,car,a frog and a car
000569.png,frog,car,a frog and a car
000570.png,frog,car,a frog and a car
000571.png,frog,car,a frog and a car
000572.png,frog,car,a frog and a car
000573.png,frog,car,a frog and a car
000574.png,frog,car,a frog and a car
000575.png,frog,car,a frog and a car
000576.png,frog,car,a frog and a car
000577.png,frog,car,a frog and a car
000578.png,frog,car,a frog and a car
000579.png,frog,car,a frog and a car
000580.png,frog,car,a frog and a car
000581.png,frog,chair,a frog and a chair
000582.png,frog,chair,a frog and a chair
000583.png,frog,chair,a frog and a chair
000584.png,frog,chair,a frog and a chair
000585.png,frog,chair,a frog and a chair
000586.png,frog,chair,a frog and a chair
000587.png,frog,chair,a frog and a chair
000588.png,frog,chair,a frog and a chair
000589.png,frog,chair,a frog and a chair
000590.png,frog,chair,a frog and a chair
000591.png,frog,chair,a frog and a chair
000592.png,frog,chair,a frog and a chair
000593.png,frog,chair,a frog and a chair
000594.png,frog,chair,a frog and a chair
000595.png,frog,chair,a frog and a chair
000596.png,frog,chair,a frog and a chair
000597.png,frog,chair,a frog and a chair
000598.png,frog,chair,a frog and a chair
000599.png,frog,chair,a frog and a chair
000600.png,frog,chair,a frog and a chair
000601.png,cat,sneaker,a cat and a sneaker
000602.png,cat,sneaker,a cat and a sneaker
000603.png,cat,sneaker,a cat and a sneaker
000604.png,cat,sneaker,a cat and a sneaker
000605.png,cat,sneaker,a cat and a sneaker
000606.png,cat,sneaker,a cat and a sneaker
000607.png,cat,sneaker,a cat and a sneaker
000608.png,cat,sneaker,a cat and a sneaker
000609.png,cat,sneaker,a cat and a sneaker
000610.png,cat,sneaker,a cat and a sneaker
000611.png,cat,sneaker,a cat and a sneaker
000612.png,cat,sneaker,a cat and a sneaker
000613.png,cat,sneaker,a cat and a sneaker
000614.png,cat,sneaker,a cat and a sneaker
000615.png,cat,sneaker,a cat and a sneaker
000616.png,cat,sneaker,a cat and a sneaker
000617.png,cat,sneaker,a cat and a sneaker
000618.png,cat,sneaker,a cat and a sneaker
000619.png,cat,sneaker,a cat and a sneaker
000620.png,cat,sneaker,a cat and a sneaker
000621.png,cat,airplane,a cat and a airplane
000622.png,cat,airplane,a cat and a airplane
000623.png,cat,airplane,a cat and a airplane
000624.png,cat,airplane,a cat and a airplane
000625.png,cat,airplane,a cat and a airplane
000626.png,cat,airplane,a cat and a airplane
000627.png,cat,airplane,a cat and a airplane
000628.png,cat,airplane,a cat and a airplane
000629.png,cat,airplane,a cat and a airplane
000630.png,cat,airplane,a cat and a airplane
000631.png,cat,airplane,a cat and a airplane
000632.png,cat,airplane,a cat and a airplane
000633.png,cat,airplane,a cat and a airplane
000634.png,cat,airplane,a cat and a airplane
000635.png,cat,airplane,a cat and a airplane
000636.png,cat,airplane,a cat and a airplane
000637.png,cat,airplane,a cat and a airplane
000638.png,cat,airplane,a cat and a airplane
000639.png,cat,airplane,a cat and a airplane
000640.png,cat,airplane,a cat and a airplane
000641.png,cat,coffee cup,a cat and a coffee cup
000642.png,cat,coffee cup,a cat and a coffee cup
000643.png,cat,coffee cup,a cat and a coffee cup
000644.png,cat,coffee cup,a cat and a coffee cup
000645.png,cat,coffee cup,a cat and a coffee cup
000646.png,cat,coffee cup,a cat and a coffee cup
000647.png,cat,coffee cup,a cat and a coffee cup
000648.png,cat,coffee cup,a cat and a coffee cup
000649.png,cat,coffee cup,a cat and a coffee cup
000650.png,cat,coffee cup,a cat and a coffee cup
000651.png,cat,coffee cup,a cat and a coffee cup
000652.png,cat,coffee cup,a cat and a coffee cup
000653.png,cat,coffee cup,a cat and a coffee cup
000654.png,cat,coffee cup,a cat and a coffee cup
000655.png,cat,coffee cup,a cat and a coffee cup
000656.png,cat,coffee cup,a cat and a coffee cup
000657.png,cat,coffee cup,a cat and a coffee cup
000658.png,cat,coffee cup,a cat and a coffee cup
000659.png,cat,coffee cup,a cat and a coffee cup
000660.png,cat,coffee cup,a cat and a coffee cup
000661.png,cat,banana,a cat and a banana
000662.png,cat,banana,a cat and a banana
000663.png,cat,banana,a cat and a banana
000664.png,cat,banana,a cat and a banana
000665.png,cat,banana,a cat and a banana
000666.png,cat,banana,a cat and a banana
000667.png,cat,banana,a cat and a banana
000668.png,cat,banana,a cat and a banana
000669.png,cat,banana,a cat and a banana
000670.png,cat,banana,a cat and a banana
000671.png,cat,banana,a cat and a banana
000672.png,cat,banana,a cat and a banana
000673.png,cat,banana,a cat and a banana
000674.png,cat,banana,a cat and a banana
000675.png,cat,banana,a cat and a banana
000676.png,cat,banana,a cat and a banana
000677.png,cat,banana,a cat and a banana
000678.png,cat,banana,a cat and a banana
000679.png,cat,banana,a cat and a banana
000680.png,cat,banana,a cat and a banana
000681.png,cat,cactus,a cat and a cactus
000682.png,cat,cactus,a cat and a cactus
000683.png,cat,cactus,a cat and a cactus
000684.png,cat,cactus,a cat and a cactus
000685.png,cat,cactus,a cat and a cactus
000686.png,cat,cactus,a cat and a cactus
000687.png,cat,cactus,a cat and a cactus
000688.png,cat,cactus,a cat and a cactus
000689.png,cat,cactus,a cat and a cactus
000690.png,cat,cactus,a cat and a cactus
000691.png,cat,cactus,a cat and a cactus
000692.png,cat,cactus,a cat and a cactus
000693.png,cat,cactus,a cat and a cactus
000694.png,cat,cactus,a cat and a cactus
000695.png,cat,cactus,a cat and a cactus
000696.png,cat,cactus,a cat and a cactus
000697.png,cat,cactus,a cat and a cactus
000698.png,cat,cactus,a cat and a cactus
000699.png,cat,cactus,a cat and a cactus
000700.png,cat,cactus,a cat and a cactus
000701.png,cat,toilet,a cat and a toilet
000702.png,cat,toilet,a cat and a toilet
000703.png,cat,toilet,a cat and a toilet
000704.png,cat,toilet,a cat and a toilet
000705.png,cat,toilet,a cat and a toilet
000706.png,cat,toilet,a cat and a toilet
000707.png,cat,toilet,a cat and a toilet
000708.png,cat,toilet,a cat and a toilet
000709.png,cat,toilet,a cat and a toilet
000710.png,cat,toilet,a cat and a toilet
000711.png,cat,toilet,a cat and a toilet
000712.png,cat,toilet,a cat and a toilet
000713.png,cat,toilet,a cat and a toilet
000714.png,cat,toilet,a cat and a toilet
000715.png,cat,toilet,a cat and a toilet
000716.png,cat,toilet,a cat and a toilet
000717.png,cat,toilet,a cat and a toilet
000718.png,cat,toilet,a cat and a toilet
000719.png,cat,toilet,a cat and a toilet
000720.png,cat,toilet,a cat and a toilet
000721.png,cat,pizza,a cat and a pizza
000722.png,cat,pizza,a cat and a pizza
000723.png,cat,pizza,a cat and a pizza
000724.png,cat,pizza,a cat and a pizza
000725.png,cat,pizza,a cat and a pizza
000726.png,cat,pizza,a cat and a pizza
000727.png,cat,pizza,a cat and a pizza
000728.png,cat,pizza,a cat and a pizza
000729.png,cat,pizza,a cat and a pizza
000730.png,cat,pizza,a cat and a pizza
000731.png,cat,pizza,a cat and a pizza
000732.png,cat,pizza,a cat and a pizza
000733.png,cat,pizza,a cat and a pizza
000734.png,cat,pizza,a cat and a pizza
000735.png,cat,pizza,a cat and a pizza
000736.png,cat,pizza,a cat and a pizza
000737.png,cat,pizza,a cat and a pizza
000738.png,cat,pizza,a cat and a pizza
000739.png,cat,pizza,a cat and a pizza
000740.png,cat,pizza,a cat and a pizza
000741.png,cat,drum,a cat and a drum
000742.png,cat,drum,a cat and a drum
000743.png,cat,drum,a cat and a drum
000744.png,cat,drum,a cat and a drum
000745.png,cat,drum,a cat and a drum
000746.png,cat,drum,a cat and a drum
000747.png,cat,drum,a cat and a drum
000748.png,cat,drum,a cat and a drum
000749.png,cat,drum,a cat and a drum
000750.png,cat,drum,a cat and a drum
000751.png,cat,drum,a cat and a drum
000752.png,cat,drum,a cat and a drum
000753.png,cat,drum,a cat and a drum
000754.png,cat,drum,a cat and a drum
000755.png,cat,drum,a cat and a drum
000756.png,cat,drum,a cat and a drum
000757.png,cat,drum,a cat and a drum
000758.png,cat,drum,a cat and a drum
000759.png,cat,drum,a cat and a drum
000760.png,cat,drum,a cat and a drum
000761.png,cat,car,a cat and a car
000762.png,cat,car,a cat and a car
000763.png,cat,car,a cat and a car
000764.png,cat,car,a cat and a car
000765.png,cat,car,a cat and a car
000766.png,cat,car,a cat and a car
000767.png,cat,car,a cat and a car
000768.png,cat,car,a cat and a car
000769.png,cat,car,a cat and a car
000770.png,cat,car,a cat and a car
000771.png,cat,car,a cat and a car
000772.png,cat,car,a cat and a car
000773.png,cat,car,a cat and a car
000774.png,cat,car,a cat and a car
000775.png,cat,car,a cat and a car
000776.png,cat,car,a cat and a car
000777.png,cat,car,a cat and a car
000778.png,cat,car,a cat and a car
000779.png,cat,car,a cat and a car
000780.png,cat,car,a cat and a car
000781.png,cat,chair,a cat and a chair
000782.png,cat,chair,a cat and a chair
000783.png,cat,chair,a cat and a chair
000784.png,cat,chair,a cat and a chair
000785.png,cat,chair,a cat and a chair
000786.png,cat,chair,a cat and a chair
000787.png,cat,chair,a cat and a chair
000788.png,cat,chair,a cat and a chair
000789.png,cat,chair,a cat and a chair
000790.png,cat,chair,a cat and a chair
000791.png,cat,chair,a cat and a chair
000792.png,cat,chair,a cat and a chair
000793.png,cat,chair,a cat and a chair
000794.png,cat,chair,a cat and a chair
000795.png,cat,chair,a cat and a chair
000796.png,cat,chair,a cat and a chair
000797.png,cat,chair,a cat and a chair
000798.png,cat,chair,a cat and a chair
000799.png,cat,chair,a cat and a chair
000800.png,cat,chair,a cat and a chair
000801.png,dog,sneaker,a dog and a sneaker
000802.png,dog,sneaker,a dog and a sneaker
000803.png,dog,sneaker,a dog and a sneaker
000804.png,dog,sneaker,a dog and a sneaker
000805.png,dog,sneaker,a dog and a sneaker
000806.png,dog,sneaker,a dog and a sneaker
000807.png,dog,sneaker,a dog and a sneaker
000808.png,dog,sneaker,a dog and a sneaker
000809.png,dog,sneaker,a dog and a sneaker
000810.png,dog,sneaker,a dog and a sneaker
000811.png,dog,sneaker,a dog and a sneaker
000812.png,dog,sneaker,a dog and a sneaker
000813.png,dog,sneaker,a dog and a sneaker
000814.png,dog,sneaker,a dog and a sneaker
000815.png,dog,sneaker,a dog and a sneaker
000816.png,dog,sneaker,a dog and a sneaker
000817.png,dog,sneaker,a dog and a sneaker
000818.png,dog,sneaker,a dog and a sneaker
000819.png,dog,sneaker,a dog and a sneaker
000820.png,dog,sneaker,a dog and a sneaker
000821.png,dog,airplane,a dog and a airplane
000822.png,dog,airplane,a dog and a airplane
000823.png,dog,airplane,a dog and a airplane
000824.png,dog,airplane,a dog and a airplane
000825.png,dog,airplane,a dog and a airplane
000826.png,dog,airplane,a dog and a airplane
000827.png,dog,airplane,a dog and a airplane
000828.png,dog,airplane,a dog and a airplane
000829.png,dog,airplane,a dog and a airplane
000830.png,dog,airplane,a dog and a airplane
000831.png,dog,airplane,a dog and a airplane
000832.png,dog,airplane,a dog and a airplane
000833.png,dog,airplane,a dog and a airplane
000834.png,dog,airplane,a dog and a airplane
000835.png,dog,airplane,a dog and a airplane
000836.png,dog,airplane,a dog and a airplane
000837.png,dog,airplane,a dog and a airplane
000838.png,dog,airplane,a dog and a airplane
000839.png,dog,airplane,a dog and a airplane
000840.png,dog,airplane,a dog and a airplane
000841.png,dog,coffee cup,a dog and a coffee cup
000842.png,dog,coffee cup,a dog and a coffee cup
000843.png,dog,coffee cup,a dog and a coffee cup
000844.png,dog,coffee cup,a dog and a coffee cup
000845.png,dog,coffee cup,a dog and a coffee cup
000846.png,dog,coffee cup,a dog and a coffee cup
000847.png,dog,coffee cup,a dog and a coffee cup
000848.png,dog,coffee cup,a dog and a coffee cup
000849.png,dog,coffee cup,a dog and a coffee cup
000850.png,dog,coffee cup,a dog and a coffee cup
000851.png,dog,coffee cup,a dog and a coffee cup
000852.png,dog,coffee cup,a dog and a coffee cup
000853.png,dog,coffee cup,a dog and a coffee cup
000854.png,dog,coffee cup,a dog and a coffee cup
000855.png,dog,coffee cup,a dog and a coffee cup
000856.png,dog,coffee cup,a dog and a coffee cup
000857.png,dog,coffee cup,a dog and a coffee cup
000858.png,dog,coffee cup,a dog and a coffee cup
000859.png,dog,coffee cup,a dog and a coffee cup
000860.png,dog,coffee cup,a dog and a coffee cup
000861.png,dog,banana,a dog and a banana
000862.png,dog,banana,a dog and a banana
000863.png,dog,banana,a dog and a banana
000864.png,dog,banana,a dog and a banana
000865.png,dog,banana,a dog and a banana
000866.png,dog,banana,a dog and a banana
000867.png,dog,banana,a dog and a banana
000868.png,dog,banana,a dog and a banana
000869.png,dog,banana,a dog and a banana
000870.png,dog,banana,a dog and a banana
000871.png,dog,banana,a dog and a banana
000872.png,dog,banana,a dog and a banana
000873.png,dog,banana,a dog and a banana
000874.png,dog,banana,a dog and a banana
000875.png,dog,banana,a dog and a banana
000876.png,dog,banana,a dog and a banana
000877.png,dog,banana,a dog and a banana
000878.png,dog,banana,a dog and a banana
000879.png,dog,banana,a dog and a banana
000880.png,dog,banana,a dog and a banana
000881.png,dog,cactus,a dog and a cactus
000882.png,dog,cactus,a dog and a cactus
000883.png,dog,cactus,a dog and a cactus
000884.png,dog,cactus,a dog and a cactus
000885.png,dog,cactus,a dog and a cactus
000886.png,dog,cactus,a dog and a cactus
000887.png,dog,cactus,a dog and a cactus
000888.png,dog,cactus,a dog and a cactus
000889.png,dog,cactus,a dog and a cactus
000890.png,dog,cactus,a dog and a cactus
000891.png,dog,cactus,a dog and a cactus
000892.png,dog,cactus,a dog and a cactus
000893.png,dog,cactus,a dog and a cactus
000894.png,dog,cactus,a dog and a cactus
000895.png,dog,cactus,a dog and a cactus
000896.png,dog,cactus,a dog and a cactus
000897.png,dog,cactus,a dog and a cactus
000898.png,dog,cactus,a dog and a cactus
000899.png,dog,cactus,a dog and a cactus
000900.png,dog,cactus,a dog and a cactus
000901.png,dog,toilet,a dog and a toilet
000902.png,dog,toilet,a dog and a toilet
000903.png,dog,toilet,a dog and a toilet
000904.png,dog,toilet,a dog and a toilet
000905.png,dog,toilet,a dog and a toilet
000906.png,dog,toilet,a dog and a toilet
000907.png,dog,toilet,a dog and a toilet
000908.png,dog,toilet,a dog and a toilet
000909.png,dog,toilet,a dog and a toilet
000910.png,dog,toilet,a dog and a toilet
000911.png,dog,toilet,a dog and a toilet
000912.png,dog,toilet,a dog and a toilet
000913.png,dog,toilet,a dog and a toilet
000914.png,dog,toilet,a dog and a toilet
000915.png,dog,toilet,a dog and a toilet
000916.png,dog,toilet,a dog and a toilet
000917.png,dog,toilet,a dog and a toilet
000918.png,dog,toilet,a dog and a toilet
000919.png,dog,toilet,a dog and a toilet
000920.png,dog,toilet,a dog and a toilet
000921.png,dog,pizza,a dog and a pizza
000922.png,dog,pizza,a dog and a pizza
000923.png,dog,pizza,a dog and a pizza
000924.png,dog,pizza,a dog and a pizza
000925.png,dog,pizza,a dog and a pizza
000926.png,dog,pizza,a dog and a pizza
000927.png,dog,pizza,a dog and a pizza
000928.png,dog,pizza,a dog and a pizza
000929.png,dog,pizza,a dog and a pizza
000930.png,dog,pizza,a dog and a pizza
000931.png,dog,pizza,a dog and a pizza
000932.png,dog,pizza,a dog and a pizza
000933.png,dog,pizza,a dog and a pizza
000934.png,dog,pizza,a dog and a pizza
000935.png,dog,pizza,a dog and a pizza
000936.png,dog,pizza,a dog and a pizza
000937.png,dog,pizza,a dog and a pizza
000938.png,dog,pizza,a dog and a pizza
000939.png,dog,pizza,a dog and a pizza
000940.png,dog,pizza,a dog and a pizza
000941.png,dog,drum,a dog and a drum
000942.png,dog,drum,a dog and a drum
000943.png,dog,drum,a dog and a drum
000944.png,dog,drum,a dog and a drum
000945.png,dog,drum,a dog and a drum
000946.png,dog,drum,a dog and a drum
000947.png,dog,drum,a dog and a drum
000948.png,dog,drum,a dog and a drum
000949.png,dog,drum,a dog and a drum
000950.png,dog,drum,a dog and a drum
000951.png,dog,drum,a dog and a drum
000952.png,dog,drum,a dog and a drum
000953.png,dog,drum,a dog and a drum
000954.png,dog,drum,a dog and a drum
000955.png,dog,drum,a dog and a drum
000956.png,dog,drum,a dog and a drum
000957.png,dog,drum,a dog and a drum
000958.png,dog,drum,a dog and a drum
000959.png,dog,drum,a dog and a drum
000960.png,dog,drum,a dog and a drum
000961.png,dog,car,a dog and a car
000962.png,dog,car,a dog and a car
000963.png,dog,car,a dog and a car
000964.png,dog,car,a dog and a car
000965.png,dog,car,a dog and a car
000966.png,dog,car,a dog and a car
000967.png,dog,car,a dog and a car
000968.png,dog,car,a dog and a car
000969.png,dog,car,a dog and a car
000970.png,dog,car,a dog and a car
000971.png,dog,car,a dog and a car
000972.png,dog,car,a dog and a car
000973.png,dog,car,a dog and a car
000974.png,dog,car,a dog and a car
000975.png,dog,car,a dog and a car
000976.png,dog,car,a dog and a car
000977.png,dog,car,a dog and a car
000978.png,dog,car,a dog and a car
000979.png,dog,car,a dog and a car
000980.png,dog,car,a dog and a car
000981.png,dog,chair,a dog and a chair
000982.png,dog,chair,a dog and a chair
000983.png,dog,chair,a dog and a chair
000984.png,dog,chair,a dog and a chair
000985.png,dog,chair,a dog and a chair
000986.png,dog,chair,a dog and a chair
000987.png,dog,chair,a dog and a chair
000988.png,dog,chair,a dog and a chair
000989.png,dog,chair,a dog and a chair
000990.png,dog,chair,a dog and a chair
000991.png,dog,chair,a dog and a chair
000992.png,dog,chair,a dog and a chair
000993.png,dog,chair,a dog and a chair
000994.png,dog,chair,a dog and a chair
000995.png,dog,chair,a dog and a chair
000996.png,dog,chair,a dog and a chair
000997.png,dog,chair,a dog and a chair
000998.png,dog,chair,a dog and a chair
000999.png,dog,chair,a dog and a chair
001000.png,dog,chair,a dog and a chair
001001.png,capybara,sneaker,a capybara and a sneaker
001002.png,capybara,sneaker,a capybara and a sneaker
001003.png,capybara,sneaker,a capybara and a sneaker
001004.png,capybara,sneaker,a capybara and a sneaker
001005.png,capybara,sneaker,a capybara and a sneaker
001006.png,capybara,sneaker,a capybara and a sneaker
001007.png,capybara,sneaker,a capybara and a sneaker
001008.png,capybara,sneaker,a capybara and a sneaker
001009.png,capybara,sneaker,a capybara and a sneaker
001010.png,capybara,sneaker,a capybara and a sneaker
001011.png,capybara,sneaker,a capybara and a sneaker
001012.png,capybara,sneaker,a capybara and a sneaker
001013.png,capybara,sneaker,a capybara and a sneaker
001014.png,capybara,sneaker,a capybara and a sneaker
001015.png,capybara,sneaker,a capybara and a sneaker
001016.png,capybara,sneaker,a capybara and a sneaker
001017.png,capybara,sneaker,a capybara and a sneaker
001018.png,capybara,sneaker,a capybara and a sneaker
001019.png,capybara,sneaker,a capybara and a sneaker
001020.png,capybara,sneaker,a capybara and a sneaker
001021.png,capybara,airplane,a capybara and a airplane
001022.png,capybara,airplane,a capybara and a airplane
001023.png,capybara,airplane,a capybara and a airplane
001024.png,capybara,airplane,a capybara and a airplane
001025.png,capybara,airplane,a capybara and a airplane
001026.png,capybara,airplane,a capybara and a airplane
001027.png,capybara,airplane,a capybara and a airplane
001028.png,capybara,airplane,a capybara and a airplane
001029.png,capybara,airplane,a capybara and a airplane
001030.png,capybara,airplane,a capybara and a airplane
001031.png,capybara,airplane,a capybara and a airplane
001032.png,capybara,airplane,a capybara and a airplane
001033.png,capybara,airplane,a capybara and a airplane
001034.png,capybara,airplane,a capybara and a airplane
001035.png,capybara,airplane,a capybara and a airplane
001036.png,capybara,airplane,a capybara and a airplane
001037.png,capybara,airplane,a capybara and a airplane
001038.png,capybara,airplane,a capybara and a airplane
001039.png,capybara,airplane,a capybara and a airplane
001040.png,capybara,airplane,a capybara and a airplane
001041.png,capybara,coffee cup,a capybara and a coffee cup
001042.png,capybara,coffee cup,a capybara and a coffee cup
001043.png,capybara,coffee cup,a capybara and a coffee cup
001044.png,capybara,coffee cup,a capybara and a coffee cup
001045.png,capybara,coffee cup,a capybara and a coffee cup
001046.png,capybara,coffee cup,a capybara and a coffee cup
001047.png,capybara,coffee cup,a capybara and a coffee cup
001048.png,capybara,coffee cup,a capybara and a coffee cup
001049.png,capybara,coffee cup,a capybara and a coffee cup
001050.png,capybara,coffee cup,a capybara and a coffee cup
001051.png,capybara,coffee cup,a capybara and a coffee cup
001052.png,capybara,coffee cup,a capybara and a coffee cup
001053.png,capybara,coffee cup,a capybara and a coffee cup
001054.png,capybara,coffee cup,a capybara and a coffee cup
001055.png,capybara,coffee cup,a capybara and a coffee cup
001056.png,capybara,coffee cup,a capybara and a coffee cup
001057.png,capybara,coffee cup,a capybara and a coffee cup
001058.png,capybara,coffee cup,a capybara and a coffee cup
001059.png,capybara,coffee cup,a capybara and a coffee cup
001060.png,capybara,coffee cup,a capybara and a coffee cup
001061.png,capybara,banana,a capybara and a banana
001062.png,capybara,banana,a capybara and a banana
001063.png,capybara,banana,a capybara and a banana
001064.png,capybara,banana,a capybara and a banana
001065.png,capybara,banana,a capybara and a banana
001066.png,capybara,banana,a capybara and a banana
001067.png,capybara,banana,a capybara and a banana
001068.png,capybara,banana,a capybara and a banana
001069.png,capybara,banana,a capybara and a banana
001070.png,capybara,banana,a capybara and a banana
001071.png,capybara,banana,a capybara and a banana
001072.png,capybara,banana,a capybara and a banana
001073.png,capybara,banana,a capybara and a banana
001074.png,capybara,banana,a capybara and a banana
001075.png,capybara,banana,a capybara and a banana
001076.png,capybara,banana,a capybara and a banana
001077.png,capybara,banana,a capybara and a banana
001078.png,capybara,banana,a capybara and a banana
001079.png,capybara,banana,a capybara and a banana
001080.png,capybara,banana,a capybara and a banana
001081.png,capybara,cactus,a capybara and a cactus
001082.png,capybara,cactus,a capybara and a cactus
001083.png,capybara,cactus,a capybara and a cactus
001084.png,capybara,cactus,a capybara and a cactus
001085.png,capybara,cactus,a capybara and a cactus
001086.png,capybara,cactus,a capybara and a cactus
001087.png,capybara,cactus,a capybara and a cactus
001088.png,capybara,cactus,a capybara and a cactus
001089.png,capybara,cactus,a capybara and a cactus
001090.png,capybara,cactus,a capybara and a cactus
001091.png,capybara,cactus,a capybara and a cactus
001092.png,capybara,cactus,a capybara and a cactus
001093.png,capybara,cactus,a capybara and a cactus
001094.png,capybara,cactus,a capybara and a cactus
001095.png,capybara,cactus,a capybara and a cactus
001096.png,capybara,cactus,a capybara and a cactus
001097.png,capybara,cactus,a capybara and a cactus
001098.png,capybara,cactus,a capybara and a cactus
001099.png,capybara,cactus,a capybara and a cactus
001100.png,capybara,cactus,a capybara and a cactus
001101.png,capybara,toilet,a capybara and a toilet
001102.png,capybara,toilet,a capybara and a toilet
001103.png,capybara,toilet,a capybara and a toilet
001104.png,capybara,toilet,a capybara and a toilet
001105.png,capybara,toilet,a capybara and a toilet
001106.png,capybara,toilet,a capybara and a toilet
001107.png,capybara,toilet,a capybara and a toilet
001108.png,capybara,toilet,a capybara and a toilet
001109.png,capybara,toilet,a capybara and a toilet
001110.png,capybara,toilet,a capybara and a toilet
001111.png,capybara,toilet,a capybara and a toilet
001112.png,capybara,toilet,a capybara and a toilet
001113.png,capybara,toilet,a capybara and a toilet
001114.png,capybara,toilet,a capybara and a toilet
001115.png,capybara,toilet,a capybara and a toilet
001116.png,capybara,toilet,a capybara and a toilet
001117.png,capybara,toilet,a capybara and a toilet
001118.png,capybara,toilet,a capybara and a toilet
001119.png,capybara,toilet,a capybara and a toilet
001120.png,capybara,toilet,a capybara and a toilet
001121.png,capybara,pizza,a capybara and a pizza
001122.png,capybara,pizza,a capybara and a pizza
001123.png,capybara,pizza,a capybara and a pizza
001124.png,capybara,pizza,a capybara and a pizza
001125.png,capybara,pizza,a capybara and a pizza
001126.png,capybara,pizza,a capybara and a pizza
001127.png,capybara,pizza,a capybara and a pizza
001128.png,capybara,pizza,a capybara and a pizza
001129.png,capybara,pizza,a capybara and a pizza
001130.png,capybara,pizza,a capybara and a pizza
001131.png,capybara,pizza,a capybara and a pizza
001132.png,capybara,pizza,a capybara and a pizza
001133.png,capybara,pizza,a capybara and a pizza
001134.png,capybara,pizza,a capybara and a pizza
001135.png,capybara,pizza,a capybara and a pizza
001136.png,capybara,pizza,a capybara and a pizza
001137.png,capybara,pizza,a capybara and a pizza
001138.png,capybara,pizza,a capybara and a pizza
001139.png,capybara,pizza,a capybara and a pizza
001140.png,capybara,pizza,a capybara and a pizza
001141.png,capybara,drum,a capybara and a drum
001142.png,capybara,drum,a capybara and a drum
001143.png,capybara,drum,a capybara and a drum
001144.png,capybara,drum,a capybara and a drum
001145.png,capybara,drum,a capybara and a drum
001146.png,capybara,drum,a capybara and a drum
001147.png,capybara,drum,a capybara and a drum
001148.png,capybara,drum,a capybara and a drum
001149.png,capybara,drum,a capybara and a drum
001150.png,capybara,drum,a capybara and a drum
001151.png,capybara,drum,a capybara and a drum
001152.png,capybara,drum,a capybara and a drum
001153.png,capybara,drum,a capybara and a drum
001154.png,capybara,drum,a capybara and a drum
001155.png,capybara,drum,a capybara and a drum
001156.png,capybara,drum,a capybara and a drum
001157.png,capybara,drum,a capybara and a drum
001158.png,capybara,drum,a capybara and a drum
001159.png,capybara,drum,a capybara and a drum
001160.png,capybara,drum,a capybara and a drum
001161.png,capybara,car,a capybara and a car
001162.png,capybara,car,a capybara and a car
001163.png,capybara,car,a capybara and a car
001164.png,capybara,car,a capybara and a car
001165.png,capybara,car,a capybara and a car
001166.png,capybara,car,a capybara and a car
001167.png,capybara,car,a capybara and a car
001168.png,capybara,car,a capybara and a car
001169.png,capybara,car,a capybara and a car
001170.png,capybara,car,a capybara and a car
001171.png,capybara,car,a capybara and a car
001172.png,capybara,car,a capybara and a car
001173.png,capybara,car,a capybara and a car
001174.png,capybara,car,a capybara and a car
001175.png,capybara,car,a capybara and a car
001176.png,capybara,car,a capybara and a car
001177.png,capybara,car,a capybara and a car
001178.png,capybara,car,a capybara and a car
001179.png,capybara,car,a capybara and a car
001180.png,capybara,car,a capybara and a car
001181.png,capybara,chair,a capybara and a chair
001182.png,capybara,chair,a capybara and a chair
001183.png,capybara,chair,a capybara and a chair
001184.png,capybara,chair,a capybara and a chair
001185.png,capybara,chair,a capybara and a chair
001186.png,capybara,chair,a capybara and a chair
001187.png,capybara,chair,a capybara and a chair
001188.png,capybara,chair,a capybara and a chair
001189.png,capybara,chair,a capybara and a chair
001190.png,capybara,chair,a capybara and a chair
001191.png,capybara,chair,a capybara and a chair
001192.png,capybara,chair,a capybara and a chair
001193.png,capybara,chair,a capybara and a chair
001194.png,capybara,chair,a capybara and a chair
001195.png,capybara,chair,a capybara and a chair
001196.png,capybara,chair,a capybara and a chair
001197.png,capybara,chair,a capybara and a chair
001198.png,capybara,chair,a capybara and a chair
001199.png,capybara,chair,a capybara and a chair
001200.png,capybara,chair,a capybara and a chair
001201.png,elephant,sneaker,a elephant and a sneaker
001202.png,elephant,sneaker,a elephant and a sneaker
001203.png,elephant,sneaker,a elephant and a sneaker
001204.png,elephant,sneaker,a elephant and a sneaker
001205.png,elephant,sneaker,a elephant and a sneaker
001206.png,elephant,sneaker,a elephant and a sneaker
001207.png,elephant,sneaker,a elephant and a sneaker
001208.png,elephant,sneaker,a elephant and a sneaker
001209.png,elephant,sneaker,a elephant and a sneaker
001210.png,elephant,sneaker,a elephant and a sneaker
001211.png,elephant,sneaker,a elephant and a sneaker
001212.png,elephant,sneaker,a elephant and a sneaker
001213.png,elephant,sneaker,a elephant and a sneaker
001214.png,elephant,sneaker,a elephant and a sneaker
001215.png,elephant,sneaker,a elephant and a sneaker
001216.png,elephant,sneaker,a elephant and a sneaker
001217.png,elephant,sneaker,a elephant and a sneaker
001218.png,elephant,sneaker,a elephant and a sneaker
001219.png,elephant,sneaker,a elephant and a sneaker
001220.png,elephant,sneaker,a elephant and a sneaker
001221.png,elephant,airplane,a elephant and a airplane
001222.png,elephant,airplane,a elephant and a airplane
001223.png,elephant,airplane,a elephant and a airplane
001224.png,elephant,airplane,a elephant and a airplane
001225.png,elephant,airplane,a elephant and a airplane
001226.png,elephant,airplane,a elephant and a airplane
001227.png,elephant,airplane,a elephant and a airplane
001228.png,elephant,airplane,a elephant and a airplane
001229.png,elephant,airplane,a elephant and a airplane
001230.png,elephant,airplane,a elephant and a airplane
001231.png,elephant,airplane,a elephant and a airplane
001232.png,elephant,airplane,a elephant and a airplane
001233.png,elephant,airplane,a elephant and a airplane
001234.png,elephant,airplane,a elephant and a airplane
001235.png,elephant,airplane,a elephant and a airplane
001236.png,elephant,airplane,a elephant and a airplane
001237.png,elephant,airplane,a elephant and a airplane
001238.png,elephant,airplane,a elephant and a airplane
001239.png,elephant,airplane,a elephant and a airplane
001240.png,elephant,airplane,a elephant and a airplane
001241.png,elephant,coffee cup,a elephant and a coffee cup
001242.png,elephant,coffee cup,a elephant and a coffee cup
001243.png,elephant,coffee cup,a elephant and a coffee cup
001244.png,elephant,coffee cup,a elephant and a coffee cup
001245.png,elephant,coffee cup,a elephant and a coffee cup
001246.png,elephant,coffee cup,a elephant and a coffee cup
001247.png,elephant,coffee cup,a elephant and a coffee cup
001248.png,elephant,coffee cup,a elephant and a coffee cup
001249.png,elephant,coffee cup,a elephant and a coffee cup
001250.png,elephant,coffee cup,a elephant and a coffee cup
001251.png,elephant,coffee cup,a elephant and a coffee cup
001252.png,elephant,coffee cup,a elephant and a coffee cup
001253.png,elephant,coffee cup,a elephant and a coffee cup
001254.png,elephant,coffee cup,a elephant and a coffee cup
001255.png,elephant,coffee cup,a elephant and a coffee cup
001256.png,elephant,coffee cup,a elephant and a coffee cup
001257.png,elephant,coffee cup,a elephant and a coffee cup
001258.png,elephant,coffee cup,a elephant and a coffee cup
001259.png,elephant,coffee cup,a elephant and a coffee cup
001260.png,elephant,coffee cup,a elephant and a coffee cup
001261.png,elephant,banana,a elephant and a banana
001262.png,elephant,banana,a elephant and a banana
001263.png,elephant,banana,a elephant and a banana
001264.png,elephant,banana,a elephant and a banana
001265.png,elephant,banana,a elephant and a banana
001266.png,elephant,banana,a elephant and a banana
001267.png,elephant,banana,a elephant and a banana
001268.png,elephant,banana,a elephant and a banana
001269.png,elephant,banana,a elephant and a banana
001270.png,elephant,banana,a elephant and a banana
001271.png,elephant,banana,a elephant and a banana
001272.png,elephant,banana,a elephant and a banana
001273.png,elephant,banana,a elephant and a banana
001274.png,elephant,banana,a elephant and a banana
001275.png,elephant,banana,a elephant and a banana
001276.png,elephant,banana,a elephant and a banana
001277.png,elephant,banana,a elephant and a banana
001278.png,elephant,banana,a elephant and a banana
001279.png,elephant,banana,a elephant and a banana
001280.png,elephant,banana,a elephant and a banana
001281.png,elephant,cactus,a elephant and a cactus
001282.png,elephant,cactus,a elephant and a cactus
001283.png,elephant,cactus,a elephant and a cactus
001284.png,elephant,cactus,a elephant and a cactus
001285.png,elephant,cactus,a elephant and a cactus
001286.png,elephant,cactus,a elephant and a cactus
001287.png,elephant,cactus,a elephant and a cactus
001288.png,elephant,cactus,a elephant and a cactus
001289.png,elephant,cactus,a elephant and a cactus
001290.png,elephant,cactus,a elephant and a cactus
001291.png,elephant,cactus,a elephant and a cactus
001292.png,elephant,cactus,a elephant and a cactus
001293.png,elephant,cactus,a elephant and a cactus
001294.png,elephant,cactus,a elephant and a cactus
001295.png,elephant,cactus,a elephant and a cactus
001296.png,elephant,cactus,a elephant and a cactus
001297.png,elephant,cactus,a elephant and a cactus
001298.png,elephant,cactus,a elephant and a cactus
001299.png,elephant,cactus,a elephant and a cactus
001300.png,elephant,cactus,a elephant and a cactus
001301.png,elephant,toilet,a elephant and a toilet
001302.png,elephant,toilet,a elephant and a toilet
001303.png,elephant,toilet,a elephant and a toilet
001304.png,elephant,toilet,a elephant and a toilet
001305.png,elephant,toilet,a elephant and a toilet
001306.png,elephant,toilet,a elephant and a toilet
001307.png,elephant,toilet,a elephant and a toilet
001308.png,elephant,toilet,a elephant and a toilet
001309.png,elephant,toilet,a elephant and a toilet
001310.png,elephant,toilet,a elephant and a toilet
001311.png,elephant,toilet,a elephant and a toilet
001312.png,elephant,toilet,a elephant and a toilet
001313.png,elephant,toilet,a elephant and a toilet
001314.png,elephant,toilet,a elephant and a toilet
001315.png,elephant,toilet,a elephant and a toilet
001316.png,elephant,toilet,a elephant and a toilet
001317.png,elephant,toilet,a elephant and a toilet
001318.png,elephant,toilet,a elephant and a toilet
001319.png,elephant,toilet,a elephant and a toilet
001320.png,elephant,toilet,a elephant and a toilet
001321.png,elephant,pizza,a elephant and a pizza
001322.png,elephant,pizza,a elephant and a pizza
001323.png,elephant,pizza,a elephant and a pizza
001324.png,elephant,pizza,a elephant and a pizza
001325.png,elephant,pizza,a elephant and a pizza
001326.png,elephant,pizza,a elephant and a pizza
001327.png,elephant,pizza,a elephant and a pizza
001328.png,elephant,pizza,a elephant and a pizza
001329.png,elephant,pizza,a elephant and a pizza
001330.png,elephant,pizza,a elephant and a pizza
001331.png,elephant,pizza,a elephant and a pizza
001332.png,elephant,pizza,a elephant and a pizza
001333.png,elephant,pizza,a elephant and a pizza
001334.png,elephant,pizza,a elephant and a pizza
001335.png,elephant,pizza,a elephant and a pizza
001336.png,elephant,pizza,a elephant and a pizza
001337.png,elephant,pizza,a elephant and a pizza
001338.png,elephant,pizza,a elephant and a pizza
001339.png,elephant,pizza,a elephant and a pizza
001340.png,elephant,pizza,a elephant and a pizza
001341.png,elephant,drum,a elephant and a drum
001342.png,elephant,drum,a elephant and a drum
001343.png,elephant,drum,a elephant and a drum
001344.png,elephant,drum,a elephant and a drum
001345.png,elephant,drum,a elephant and a drum
001346.png,elephant,drum,a elephant and a drum
001347.png,elephant,drum,a elephant and a drum
001348.png,elephant,drum,a elephant and a drum
001349.png,elephant,drum,a elephant and a drum
001350.png,elephant,drum,a elephant and a drum
001351.png,elephant,drum,a elephant and a drum
001352.png,elephant,drum,a elephant and a drum
001353.png,elephant,drum,a elephant and a drum
001354.png,elephant,drum,a elephant and a drum
001355.png,elephant,drum,a elephant and a drum
001356.png,elephant,drum,a elephant and a drum
001357.png,elephant,drum,a elephant and a drum
001358.png,elephant,drum,a elephant and a drum
001359.png,elephant,drum,a elephant and a drum
001360.png,elephant,drum,a elephant and a drum
001361.png,elephant,car,a elephant and a car
001362.png,elephant,car,a elephant and a car
001363.png,elephant,car,a elephant and a car
001364.png,elephant,car,a elephant and a car
001365.png,elephant,car,a elephant and a car
001366.png,elephant,car,a elephant and a car
001367.png,elephant,car,a elephant and a car
001368.png,elephant,car,a elephant and a car
001369.png,elephant,car,a elephant and a car
001370.png,elephant,car,a elephant and a car
001371.png,elephant,car,a elephant and a car
001372.png,elephant,car,a elephant and a car
001373.png,elephant,car,a elephant and a car
001374.png,elephant,car,a elephant and a car
001375.png,elephant,car,a elephant and a car
001376.png,elephant,car,a elephant and a car
001377.png,elephant,car,a elephant and a car
001378.png,elephant,car,a elephant and a car
001379.png,elephant,car,a elephant and a car
001380.png,elephant,car,a elephant and a car
001381.png,elephant,chair,a elephant and a chair
001382.png,elephant,chair,a elephant and a chair
001383.png,elephant,chair,a elephant and a chair
001384.png,elephant,chair,a elephant and a chair
001385.png,elephant,chair,a elephant and a chair
001386.png,elephant,chair,a elephant and a chair
001387.png,elephant,chair,a elephant and a chair
001388.png,elephant,chair,a elephant and a chair
001389.png,elephant,chair,a elephant and a chair
001390.png,elephant,chair,a elephant and a chair
001391.png,elephant,chair,a elephant and a chair
001392.png,elephant,chair,a elephant and a chair
001393.png,elephant,chair,a elephant and a chair
001394.png,elephant,chair,a elephant and a chair
001395.png,elephant,chair,a elephant and a chair
001396.png,elephant,chair,a elephant and a chair
001397.png,elephant,chair,a elephant and a chair
001398.png,elephant,chair,a elephant and a chair
001399.png,elephant,chair,a elephant and a chair
001400.png,elephant,chair,a elephant and a chair
001401.png,bird,sneaker,a bird and a sneaker
001402.png,bird,sneaker,a bird and a sneaker
001403.png,bird,sneaker,a bird and a sneaker
001404.png,bird,sneaker,a bird and a sneaker
001405.png,bird,sneaker,a bird and a sneaker
001406.png,bird,sneaker,a bird and a sneaker
001407.png,bird,sneaker,a bird and a sneaker
001408.png,bird,sneaker,a bird and a sneaker
001409.png,bird,sneaker,a bird and a sneaker
001410.png,bird,sneaker,a bird and a sneaker
001411.png,bird,sneaker,a bird and a sneaker
001412.png,bird,sneaker,a bird and a sneaker
001413.png,bird,sneaker,a bird and a sneaker
001414.png,bird,sneaker,a bird and a sneaker
001415.png,bird,sneaker,a bird and a sneaker
001416.png,bird,sneaker,a bird and a sneaker
001417.png,bird,sneaker,a bird and a sneaker
001418.png,bird,sneaker,a bird and a sneaker
001419.png,bird,sneaker,a bird and a sneaker
001420.png,bird,sneaker,a bird and a sneaker
001421.png,bird,airplane,a bird and a airplane
001422.png,bird,airplane,a bird and a airplane
001423.png,bird,airplane,a bird and a airplane
001424.png,bird,airplane,a bird and a airplane
001425.png,bird,airplane,a bird and a airplane
001426.png,bird,airplane,a bird and a airplane
001427.png,bird,airplane,a bird and a airplane
001428.png,bird,airplane,a bird and a airplane
001429.png,bird,airplane,a bird and a airplane
001430.png,bird,airplane,a bird and a airplane
001431.png,bird,airplane,a bird and a airplane
001432.png,bird,airplane,a bird and a airplane
001433.png,bird,airplane,a bird and a airplane
001434.png,bird,airplane,a bird and a airplane
001435.png,bird,airplane,a bird and a airplane
001436.png,bird,airplane,a bird and a airplane
001437.png,bird,airplane,a bird and a airplane
001438.png,bird,airplane,a bird and a airplane
001439.png,bird,airplane,a bird and a airplane
001440.png,bird,airplane,a bird and a airplane
001441.png,bird,coffee cup,a bird and a coffee cup
001442.png,bird,coffee cup,a bird and a coffee cup
001443.png,bird,coffee cup,a bird and a coffee cup
001444.png,bird,coffee cup,a bird and a coffee cup
001445.png,bird,coffee cup,a bird and a coffee cup
001446.png,bird,coffee cup,a bird and a coffee cup
001447.png,bird,coffee cup,a bird and a coffee cup
001448.png,bird,coffee cup,a bird and a coffee cup
001449.png,bird,coffee cup,a bird and a coffee cup
001450.png,bird,coffee cup,a bird and a coffee cup
001451.png,bird,coffee cup,a bird and a coffee cup
001452.png,bird,coffee cup,a bird and a coffee cup
001453.png,bird,coffee cup,a bird and a coffee cup
001454.png,bird,coffee cup,a bird and a coffee cup
001455.png,bird,coffee cup,a bird and a coffee cup
001456.png,bird,coffee cup,a bird and a coffee cup
001457.png,bird,coffee cup,a bird and a coffee cup
001458.png,bird,coffee cup,a bird and a coffee cup
001459.png,bird,coffee cup,a bird and a coffee cup
001460.png,bird,coffee cup,a bird and a coffee cup
001461.png,bird,banana,a bird and a banana
001462.png,bird,banana,a bird and a banana
001463.png,bird,banana,a bird and a banana
001464.png,bird,banana,a bird and a banana
001465.png,bird,banana,a bird and a banana
001466.png,bird,banana,a bird and a banana
001467.png,bird,banana,a bird and a banana
001468.png,bird,banana,a bird and a banana
001469.png,bird,banana,a bird and a banana
001470.png,bird,banana,a bird and a banana
001471.png,bird,banana,a bird and a banana
001472.png,bird,banana,a bird and a banana
001473.png,bird,banana,a bird and a banana
001474.png,bird,banana,a bird and a banana
001475.png,bird,banana,a bird and a banana
001476.png,bird,banana,a bird and a banana
001477.png,bird,banana,a bird and a banana
001478.png,bird,banana,a bird and a banana
001479.png,bird,banana,a bird and a banana
001480.png,bird,banana,a bird and a banana
001481.png,bird,cactus,a bird and a cactus
001482.png,bird,cactus,a bird and a cactus
001483.png,bird,cactus,a bird and a cactus
001484.png,bird,cactus,a bird and a cactus
001485.png,bird,cactus,a bird and a cactus
001486.png,bird,cactus,a bird and a cactus
001487.png,bird,cactus,a bird and a cactus
001488.png,bird,cactus,a bird and a cactus
001489.png,bird,cactus,a bird and a cactus
001490.png,bird,cactus,a bird and a cactus
001491.png,bird,cactus,a bird and a cactus
001492.png,bird,cactus,a bird and a cactus
001493.png,bird,cactus,a bird and a cactus
001494.png,bird,cactus,a bird and a cactus
001495.png,bird,cactus,a bird and a cactus
001496.png,bird,cactus,a bird and a cactus
001497.png,bird,cactus,a bird and a cactus
001498.png,bird,cactus,a bird and a cactus
001499.png,bird,cactus,a bird and a cactus
001500.png,bird,cactus,a bird and a cactus
001501.png,bird,toilet,a bird and a toilet
001502.png,bird,toilet,a bird and a toilet
001503.png,bird,toilet,a bird and a toilet
001504.png,bird,toilet,a bird and a toilet
001505.png,bird,toilet,a bird and a toilet
001506.png,bird,toilet,a bird and a toilet
001507.png,bird,toilet,a bird and a toilet
001508.png,bird,toilet,a bird and a toilet
001509.png,bird,toilet,a bird and a toilet
001510.png,bird,toilet,a bird and a toilet
001511.png,bird,toilet,a bird and a toilet
001512.png,bird,toilet,a bird and a toilet
001513.png,bird,toilet,a bird and a toilet
001514.png,bird,toilet,a bird and a toilet
001515.png,bird,toilet,a bird and a toilet
001516.png,bird,toilet,a bird and a toilet
001517.png,bird,toilet,a bird and a toilet
001518.png,bird,toilet,a bird and a toilet
001519.png,bird,toilet,a bird and a toilet
001520.png,bird,toilet,a bird and a toilet
001521.png,bird,pizza,a bird and a pizza
001522.png,bird,pizza,a bird and a pizza
001523.png,bird,pizza,a bird and a pizza
001524.png,bird,pizza,a bird and a pizza
001525.png,bird,pizza,a bird and a pizza
001526.png,bird,pizza,a bird and a pizza
001527.png,bird,pizza,a bird and a pizza
001528.png,bird,pizza,a bird and a pizza
001529.png,bird,pizza,a bird and a pizza
001530.png,bird,pizza,a bird and a pizza
001531.png,bird,pizza,a bird and a pizza
001532.png,bird,pizza,a bird and a pizza
001533.png,bird,pizza,a bird and a pizza
001534.png,bird,pizza,a bird and a pizza
001535.png,bird,pizza,a bird and a pizza
001536.png,bird,pizza,a bird and a pizza
001537.png,bird,pizza,a bird and a pizza
001538.png,bird,pizza,a bird and a pizza
001539.png,bird,pizza,a bird and a pizza
001540.png,bird,pizza,a bird and a pizza
001541.png,bird,drum,a bird and a drum
001542.png,bird,drum,a bird and a drum
001543.png,bird,drum,a bird and a drum
001544.png,bird,drum,a bird and a drum
001545.png,bird,drum,a bird and a drum
001546.png,bird,drum,a bird and a drum
001547.png,bird,drum,a bird and a drum
001548.png,bird,drum,a bird and a drum
001549.png,bird,drum,a bird and a drum
001550.png,bird,drum,a bird and a drum
001551.png,bird,drum,a bird and a drum
001552.png,bird,drum,a bird and a drum
001553.png,bird,drum,a bird and a drum
001554.png,bird,drum,a bird and a drum
001555.png,bird,drum,a bird and a drum
001556.png,bird,drum,a bird and a drum
001557.png,bird,drum,a bird and a drum
001558.png,bird,drum,a bird and a drum
001559.png,bird,drum,a bird and a drum
001560.png,bird,drum,a bird and a drum
001561.png,bird,car,a bird and a car
001562.png,bird,car,a bird and a car
001563.png,bird,car,a bird and a car
001564.png,bird,car,a bird and a car
001565.png,bird,car,a bird and a car
001566.png,bird,car,a bird and a car
001567.png,bird,car,a bird and a car
001568.png,bird,car,a bird and a car
001569.png,bird,car,a bird and a car
001570.png,bird,car,a bird and a car
001571.png,bird,car,a bird and a car
001572.png,bird,car,a bird and a car
001573.png,bird,car,a bird and a car
001574.png,bird,car,a bird and a car
001575.png,bird,car,a bird and a car
001576.png,bird,car,a bird and a car
001577.png,bird,car,a bird and a car
001578.png,bird,car,a bird and a car
001579.png,bird,car,a bird and a car
001580.png,bird,car,a bird and a car
001581.png,bird,chair,a bird and a chair
001582.png,bird,chair,a bird and a chair
001583.png,bird,chair,a bird and a chair
001584.png,bird,chair,a bird and a chair
001585.png,bird,chair,a bird and a chair
001586.png,bird,chair,a bird and a chair
001587.png,bird,chair,a bird and a chair
001588.png,bird,chair,a bird and a chair
001589.png,bird,chair,a bird and a chair
001590.png,bird,chair,a bird and a chair
001591.png,bird,chair,a bird and a chair
001592.png,bird,chair,a bird and a chair
001593.png,bird,chair,a bird and a chair
001594.png,bird,chair,a bird and a chair
001595.png,bird,chair,a bird and a chair
001596.png,bird,chair,a bird and a chair
001597.png,bird,chair,a bird and a chair
001598.png,bird,chair,a bird and a chair
001599.png,bird,chair,a bird and a chair
001600.png,bird,chair,a bird and a chair
001601.png,fish,sneaker,a fish and a sneaker
001602.png,fish,sneaker,a fish and a sneaker
001603.png,fish,sneaker,a fish and a sneaker
001604.png,fish,sneaker,a fish and a sneaker
001605.png,fish,sneaker,a fish and a sneaker
001606.png,fish,sneaker,a fish and a sneaker
001607.png,fish,sneaker,a fish and a sneaker
001608.png,fish,sneaker,a fish and a sneaker
001609.png,fish,sneaker,a fish and a sneaker
001610.png,fish,sneaker,a fish and a sneaker
001611.png,fish,sneaker,a fish and a sneaker
001612.png,fish,sneaker,a fish and a sneaker
001613.png,fish,sneaker,a fish and a sneaker
001614.png,fish,sneaker,a fish and a sneaker
001615.png,fish,sneaker,a fish and a sneaker
001616.png,fish,sneaker,a fish and a sneaker
001617.png,fish,sneaker,a fish and a sneaker
001618.png,fish,sneaker,a fish and a sneaker
001619.png,fish,sneaker,a fish and a sneaker
001620.png,fish,sneaker,a fish and a sneaker
001621.png,fish,airplane,a fish and a airplane
001622.png,fish,airplane,a fish and a airplane
001623.png,fish,airplane,a fish and a airplane
001624.png,fish,airplane,a fish and a airplane
001625.png,fish,airplane,a fish and a airplane
001626.png,fish,airplane,a fish and a airplane
001627.png,fish,airplane,a fish and a airplane
001628.png,fish,airplane,a fish and a airplane
001629.png,fish,airplane,a fish and a airplane
001630.png,fish,airplane,a fish and a airplane
001631.png,fish,airplane,a fish and a airplane
001632.png,fish,airplane,a fish and a airplane
001633.png,fish,airplane,a fish and a airplane
001634.png,fish,airplane,a fish and a airplane
001635.png,fish,airplane,a fish and a airplane
001636.png,fish,airplane,a fish and a airplane
001637.png,fish,airplane,a fish and a airplane
001638.png,fish,airplane,a fish and a airplane
001639.png,fish,airplane,a fish and a airplane
001640.png,fish,airplane,a fish and a airplane
001641.png,fish,coffee cup,a fish and a coffee cup
001642.png,fish,coffee cup,a fish and a coffee cup
001643.png,fish,coffee cup,a fish and a coffee cup
001644.png,fish,coffee cup,a fish and a coffee cup
001645.png,fish,coffee cup,a fish and a coffee cup
001646.png,fish,coffee cup,a fish and a coffee cup
001647.png,fish,coffee cup,a fish and a coffee cup
001648.png,fish,coffee cup,a fish and a coffee cup
001649.png,fish,coffee cup,a fish and a coffee cup
001650.png,fish,coffee cup,a fish and a coffee cup
001651.png,fish,coffee cup,a fish and a coffee cup
001652.png,fish,coffee cup,a fish and a coffee cup
001653.png,fish,coffee cup,a fish and a coffee cup
001654.png,fish,coffee cup,a fish and a coffee cup
001655.png,fish,coffee cup,a fish and a coffee cup
001656.png,fish,coffee cup,a fish and a coffee cup
001657.png,fish,coffee cup,a fish and a coffee cup
001658.png,fish,coffee cup,a fish and a coffee cup
001659.png,fish,coffee cup,a fish and a coffee cup
001660.png,fish,coffee cup,a fish and a coffee cup
001661.png,fish,banana,a fish and a banana
001662.png,fish,banana,a fish and a banana
001663.png,fish,banana,a fish and a banana
001664.png,fish,banana,a fish and a banana
001665.png,fish,banana,a fish and a banana
001666.png,fish,banana,a fish and a banana
001667.png,fish,banana,a fish and a banana
001668.png,fish,banana,a fish and a banana
001669.png,fish,banana,a fish and a banana
001670.png,fish,banana,a fish and a banana
001671.png,fish,banana,a fish and a banana
001672.png,fish,banana,a fish and a banana
001673.png,fish,banana,a fish and a banana
001674.png,fish,banana,a fish and a banana
001675.png,fish,banana,a fish and a banana
001676.png,fish,banana,a fish and a banana
001677.png,fish,banana,a fish and a banana
001678.png,fish,banana,a fish and a banana
001679.png,fish,banana,a fish and a banana
001680.png,fish,banana,a fish and a banana
001681.png,fish,cactus,a fish and a cactus
001682.png,fish,cactus,a fish and a cactus
001683.png,fish,cactus,a fish and a cactus
001684.png,fish,cactus,a fish and a cactus
001685.png,fish,cactus,a fish and a cactus
001686.png,fish,cactus,a fish and a cactus
001687.png,fish,cactus,a fish and a cactus
001688.png,fish,cactus,a fish and a cactus
001689.png,fish,cactus,a fish and a cactus
001690.png,fish,cactus,a fish and a cactus
001691.png,fish,cactus,a fish and a cactus
001692.png,fish,cactus,a fish and a cactus
001693.png,fish,cactus,a fish and a cactus
001694.png,fish,cactus,a fish and a cactus
001695.png,fish,cactus,a fish and a cactus
001696.png,fish,cactus,a fish and a cactus
001697.png,fish,cactus,a fish and a cactus
001698.png,fish,cactus,a fish and a cactus
001699.png,fish,cactus,a fish and a cactus
001700.png,fish,cactus,a fish and a cactus
001701.png,fish,toilet,a fish and a toilet
001702.png,fish,toilet,a fish and a toilet
001703.png,fish,toilet,a fish and a toilet
001704.png,fish,toilet,a fish and a toilet
001705.png,fish,toilet,a fish and a toilet
001706.png,fish,toilet,a fish and a toilet
001707.png,fish,toilet,a fish and a toilet
001708.png,fish,toilet,a fish and a toilet
001709.png,fish,toilet,a fish and a toilet
001710.png,fish,toilet,a fish and a toilet
001711.png,fish,toilet,a fish and a toilet
001712.png,fish,toilet,a fish and a toilet
001713.png,fish,toilet,a fish and a toilet
001714.png,fish,toilet,a fish and a toilet
001715.png,fish,toilet,a fish and a toilet
001716.png,fish,toilet,a fish and a toilet
001717.png,fish,toilet,a fish and a toilet
001718.png,fish,toilet,a fish and a toilet
001719.png,fish,toilet,a fish and a toilet
001720.png,fish,toilet,a fish and a toilet
001721.png,fish,pizza,a fish and a pizza
001722.png,fish,pizza,a fish and a pizza
001723.png,fish,pizza,a fish and a pizza
001724.png,fish,pizza,a fish and a pizza
001725.png,fish,pizza,a fish and a pizza
001726.png,fish,pizza,a fish and a pizza
001727.png,fish,pizza,a fish and a pizza
001728.png,fish,pizza,a fish and a pizza
001729.png,fish,pizza,a fish and a pizza
001730.png,fish,pizza,a fish and a pizza
001731.png,fish,pizza,a fish and a pizza
001732.png,fish,pizza,a fish and a pizza
001733.png,fish,pizza,a fish and a pizza
001734.png,fish,pizza,a fish and a pizza
001735.png,fish,pizza,a fish and a pizza
001736.png,fish,pizza,a fish and a pizza
001737.png,fish,pizza,a fish and a pizza
001738.png,fish,pizza,a fish and a pizza
001739.png,fish,pizza,a fish and a pizza
001740.png,fish,pizza,a fish and a pizza
001741.png,fish,drum,a fish and a drum
001742.png,fish,drum,a fish and a drum
001743.png,fish,drum,a fish and a drum
001744.png,fish,drum,a fish and a drum
001745.png,fish,drum,a fish and a drum
001746.png,fish,drum,a fish and a drum
001747.png,fish,drum,a fish and a drum
001748.png,fish,drum,a fish and a drum
001749.png,fish,drum,a fish and a drum
001750.png,fish,drum,a fish and a drum
001751.png,fish,drum,a fish and a drum
001752.png,fish,drum,a fish and a drum
001753.png,fish,drum,a fish and a drum
001754.png,fish,drum,a fish and a drum
001755.png,fish,drum,a fish and a drum
001756.png,fish,drum,a fish and a drum
001757.png,fish,drum,a fish and a drum
001758.png,fish,drum,a fish and a drum
001759.png,fish,drum,a fish and a drum
001760.png,fish,drum,a fish and a drum
001761.png,fish,car,a fish and a car
001762.png,fish,car,a fish and a car
001763.png,fish,car,a fish and a car
001764.png,fish,car,a fish and a car
001765.png,fish,car,a fish and a car
001766.png,fish,car,a fish and a car
001767.png,fish,car,a fish and a car
001768.png,fish,car,a fish and a car
001769.png,fish,car,a fish and a car
001770.png,fish,car,a fish and a car
001771.png,fish,car,a fish and a car
001772.png,fish,car,a fish and a car
001773.png,fish,car,a fish and a car
001774.png,fish,car,a fish and a car
001775.png,fish,car,a fish and a car
001776.png,fish,car,a fish and a car
001777.png,fish,car,a fish and a car
001778.png,fish,car,a fish and a car
001779.png,fish,car,a fish and a car
001780.png,fish,car,a fish and a car
001781.png,fish,chair,a fish and a chair
001782.png,fish,chair,a fish and a chair
001783.png,fish,chair,a fish and a chair
001784.png,fish,chair,a fish and a chair
001785.png,fish,chair,a fish and a chair
001786.png,fish,chair,a fish and a chair
001787.png,fish,chair,a fish and a chair
001788.png,fish,chair,a fish and a chair
001789.png,fish,chair,a fish and a chair
001790.png,fish,chair,a fish and a chair
001791.png,fish,chair,a fish and a chair
001792.png,fish,chair,a fish and a chair
001793.png,fish,chair,a fish and a chair
001794.png,fish,chair,a fish and a chair
001795.png,fish,chair,a fish and a chair
001796.png,fish,chair,a fish and a chair
001797.png,fish,chair,a fish and a chair
001798.png,fish,chair,a fish and a chair
001799.png,fish,chair,a fish and a chair
001800.png,fish,chair,a fish and a chair
001801.png,monkey,sneaker,a monkey and a sneaker
001802.png,monkey,sneaker,a monkey and a sneaker
001803.png,monkey,sneaker,a monkey and a sneaker
001804.png,monkey,sneaker,a monkey and a sneaker
001805.png,monkey,sneaker,a monkey and a sneaker
001806.png,monkey,sneaker,a monkey and a sneaker
001807.png,monkey,sneaker,a monkey and a sneaker
001808.png,monkey,sneaker,a monkey and a sneaker
001809.png,monkey,sneaker,a monkey and a sneaker
001810.png,monkey,sneaker,a monkey and a sneaker
001811.png,monkey,sneaker,a monkey and a sneaker
001812.png,monkey,sneaker,a monkey and a sneaker
001813.png,monkey,sneaker,a monkey and a sneaker
001814.png,monkey,sneaker,a monkey and a sneaker
001815.png,monkey,sneaker,a monkey and a sneaker
001816.png,monkey,sneaker,a monkey and a sneaker
001817.png,monkey,sneaker,a monkey and a sneaker
001818.png,monkey,sneaker,a monkey and a sneaker
001819.png,monkey,sneaker,a monkey and a sneaker
001820.png,monkey,sneaker,a monkey and a sneaker
001821.png,monkey,airplane,a monkey and a airplane
001822.png,monkey,airplane,a monkey and a airplane
001823.png,monkey,airplane,a monkey and a airplane
001824.png,monkey,airplane,a monkey and a airplane
001825.png,monkey,airplane,a monkey and a airplane
001826.png,monkey,airplane,a monkey and a airplane
001827.png,monkey,airplane,a monkey and a airplane
001828.png,monkey,airplane,a monkey and a airplane
001829.png,monkey,airplane,a monkey and a airplane
001830.png,monkey,airplane,a monkey and a airplane
001831.png,monkey,airplane,a monkey and a airplane
001832.png,monkey,airplane,a monkey and a airplane
001833.png,monkey,airplane,a monkey and a airplane
001834.png,monkey,airplane,a monkey and a airplane
001835.png,monkey,airplane,a monkey and a airplane
001836.png,monkey,airplane,a monkey and a airplane
001837.png,monkey,airplane,a monkey and a airplane
001838.png,monkey,airplane,a monkey and a airplane
001839.png,monkey,airplane,a monkey and a airplane
001840.png,monkey,airplane,a monkey and a airplane
001841.png,monkey,coffee cup,a monkey and a coffee cup
001842.png,monkey,coffee cup,a monkey and a coffee cup
001843.png,monkey,coffee cup,a monkey and a coffee cup
001844.png,monkey,coffee cup,a monkey and a coffee cup
001845.png,monkey,coffee cup,a monkey and a coffee cup
001846.png,monkey,coffee cup,a monkey and a coffee cup
001847.png,monkey,coffee cup,a monkey and a coffee cup
001848.png,monkey,coffee cup,a monkey and a coffee cup
001849.png,monkey,coffee cup,a monkey and a coffee cup
001850.png,monkey,coffee cup,a monkey and a coffee cup
001851.png,monkey,coffee cup,a monkey and a coffee cup
001852.png,monkey,coffee cup,a monkey and a coffee cup
001853.png,monkey,coffee cup,a monkey and a coffee cup
001854.png,monkey,coffee cup,a monkey and a coffee cup
001855.png,monkey,coffee cup,a monkey and a coffee cup
001856.png,monkey,coffee cup,a monkey and a coffee cup
001857.png,monkey,coffee cup,a monkey and a coffee cup
001858.png,monkey,coffee cup,a monkey and a coffee cup
001859.png,monkey,coffee cup,a monkey and a coffee cup
001860.png,monkey,coffee cup,a monkey and a coffee cup
001861.png,monkey,banana,a monkey and a banana
001862.png,monkey,banana,a monkey and a banana
001863.png,monkey,banana,a monkey and a banana
001864.png,monkey,banana,a monkey and a banana
001865.png,monkey,banana,a monkey and a banana
001866.png,monkey,banana,a monkey and a banana
001867.png,monkey,banana,a monkey and a banana
001868.png,monkey,banana,a monkey and a banana
001869.png,monkey,banana,a monkey and a banana
001870.png,monkey,banana,a monkey and a banana
001871.png,monkey,banana,a monkey and a banana
001872.png,monkey,banana,a monkey and a banana
001873.png,monkey,banana,a monkey and a banana
001874.png,monkey,banana,a monkey and a banana
001875.png,monkey,banana,a monkey and a banana
001876.png,monkey,banana,a monkey and a banana
001877.png,monkey,banana,a monkey and a banana
001878.png,monkey,banana,a monkey and a banana
001879.png,monkey,banana,a monkey and a banana
001880.png,monkey,banana,a monkey and a banana
001881.png,monkey,cactus,a monkey and a cactus
001882.png,monkey,cactus,a monkey and a cactus
001883.png,monkey,cactus,a monkey and a cactus
001884.png,monkey,cactus,a monkey and a cactus
001885.png,monkey,cactus,a monkey and a cactus
001886.png,monkey,cactus,a monkey and a cactus
001887.png,monkey,cactus,a monkey and a cactus
001888.png,monkey,cactus,a monkey and a cactus
001889.png,monkey,cactus,a monkey and a cactus
001890.png,monkey,cactus,a monkey and a cactus
001891.png,monkey,cactus,a monkey and a cactus
001892.png,monkey,cactus,a monkey and a cactus
001893.png,monkey,cactus,a monkey and a cactus
001894.png,monkey,cactus,a monkey and a cactus
001895.png,monkey,cactus,a monkey and a cactus
001896.png,monkey,cactus,a monkey and a cactus
001897.png,monkey,cactus,a monkey and a cactus
001898.png,monkey,cactus,a monkey and a cactus
001899.png,monkey,cactus,a monkey and a cactus
001900.png,monkey,cactus,a monkey and a cactus
001901.png,monkey,toilet,a monkey and a toilet
001902.png,monkey,toilet,a monkey and a toilet
001903.png,monkey,toilet,a monkey and a toilet
001904.png,monkey,toilet,a monkey and a toilet
001905.png,monkey,toilet,a monkey and a toilet
001906.png,monkey,toilet,a monkey and a toilet
001907.png,monkey,toilet,a monkey and a toilet
001908.png,monkey,toilet,a monkey and a toilet
001909.png,monkey,toilet,a monkey and a toilet
001910.png,monkey,toilet,a monkey and a toilet
001911.png,monkey,toilet,a monkey and a toilet
001912.png,monkey,toilet,a monkey and a toilet
001913.png,monkey,toilet,a monkey and a toilet
001914.png,monkey,toilet,a monkey and a toilet
001915.png,monkey,toilet,a monkey and a toilet
001916.png,monkey,toilet,a monkey and a toilet
001917.png,monkey,toilet,a monkey and a toilet
001918.png,monkey,toilet,a monkey and a toilet
001919.png,monkey,toilet,a monkey and a toilet
001920.png,monkey,toilet,a monkey and a toilet
001921.png,monkey,pizza,a monkey and a pizza
001922.png,monkey,pizza,a monkey and a pizza
001923.png,monkey,pizza,a monkey and a pizza
001924.png,monkey,pizza,a monkey and a pizza
001925.png,monkey,pizza,a monkey and a pizza
001926.png,monkey,pizza,a monkey and a pizza
001927.png,monkey,pizza,a monkey and a pizza
001928.png,monkey,pizza,a monkey and a pizza
001929.png,monkey,pizza,a monkey and a pizza
001930.png,monkey,pizza,a monkey and a pizza
001931.png,monkey,pizza,a monkey and a pizza
001932.png,monkey,pizza,a monkey and a pizza
001933.png,monkey,pizza,a monkey and a pizza
001934.png,monkey,pizza,a monkey and a pizza
001935.png,monkey,pizza,a monkey and a pizza
001936.png,monkey,pizza,a monkey and a pizza
001937.png,monkey,pizza,a monkey and a pizza
001938.png,monkey,pizza,a monkey and a pizza
001939.png,monkey,pizza,a monkey and a pizza
001940.png,monkey,pizza,a monkey and a pizza
001941.png,monkey,drum,a monkey and a drum
001942.png,monkey,drum,a monkey and a drum
001943.png,monkey,drum,a monkey and a drum
001944.png,monkey,drum,a monkey and a drum
001945.png,monkey,drum,a monkey and a drum
001946.png,monkey,drum,a monkey and a drum
001947.png,monkey,drum,a monkey and a drum
001948.png,monkey,drum,a monkey and a drum
001949.png,monkey,drum,a monkey and a drum
001950.png,monkey,drum,a monkey and a drum
001951.png,monkey,drum,a monkey and a drum
001952.png,monkey,drum,a monkey and a drum
001953.png,monkey,drum,a monkey and a drum
001954.png,monkey,drum,a monkey and a drum
001955.png,monkey,drum,a monkey and a drum
001956.png,monkey,drum,a monkey and a drum
001957.png,monkey,drum,a monkey and a drum
001958.png,monkey,drum,a monkey and a drum
001959.png,monkey,drum,a monkey and a drum
001960.png,monkey,drum,a monkey and a drum
001961.png,monkey,car,a monkey and a car
001962.png,monkey,car,a monkey and a car
001963.png,monkey,car,a monkey and a car
001964.png,monkey,car,a monkey and a car
001965.png,monkey,car,a monkey and a car
001966.png,monkey,car,a monkey and a car
001967.png,monkey,car,a monkey and a car
001968.png,monkey,car,a monkey and a car
001969.png,monkey,car,a monkey and a car
001970.png,monkey,car,a monkey and a car
001971.png,monkey,car,a monkey and a car
001972.png,monkey,car,a monkey and a car
001973.png,monkey,car,a monkey and a car
001974.png,monkey,car,a monkey and a car
001975.png,monkey,car,a monkey and a car
001976.png,monkey,car,a monkey and a car
001977.png,monkey,car,a monkey and a car
001978.png,monkey,car,a monkey and a car
001979.png,monkey,car,a monkey and a car
001980.png,monkey,car,a monkey and a car
001981.png,monkey,chair,a monkey and a chair
001982.png,monkey,chair,a monkey and a chair
001983.png,monkey,chair,a monkey and a chair
001984.png,monkey,chair,a monkey and a chair
001985.png,monkey,chair,a monkey and a chair
001986.png,monkey,chair,a monkey and a chair
001987.png,monkey,chair,a monkey and a chair
001988.png,monkey,chair,a monkey and a chair
001989.png,monkey,chair,a monkey and a chair
001990.png,monkey,chair,a monkey and a chair
001991.png,monkey,chair,a monkey and a chair
001992.png,monkey,chair,a monkey and a chair
001993.png,monkey,chair,a monkey and a chair
001994.png,monkey,chair,a monkey and a chair
001995.png,monkey,chair,a monkey and a chair
001996.png,monkey,chair,a monkey and a chair
001997.png,monkey,chair,a monkey and a chair
001998.png,monkey,chair,a monkey and a chair
001999.png,monkey,chair,a monkey and a chair
002000.png,monkey,chair,a monkey and a chair
